-- MySQL dump 10.14  Distrib 5.5.64-MariaDB, for Linux (x86_64)
--
-- Host: localhost    Database: imrunicorn_loaddata
-- ------------------------------------------------------
-- Server version	5.5.64-MariaDB

/*!40101 SET @OLD_CHARACTER_SET_CLIENT=@@CHARACTER_SET_CLIENT */;
/*!40101 SET @OLD_CHARACTER_SET_RESULTS=@@CHARACTER_SET_RESULTS */;
/*!40101 SET @OLD_COLLATION_CONNECTION=@@COLLATION_CONNECTION */;
/*!40101 SET NAMES utf8 */;
/*!40103 SET @OLD_TIME_ZONE=@@TIME_ZONE */;
/*!40103 SET TIME_ZONE='+00:00' */;
/*!40014 SET @OLD_UNIQUE_CHECKS=@@UNIQUE_CHECKS, UNIQUE_CHECKS=0 */;
/*!40014 SET @OLD_FOREIGN_KEY_CHECKS=@@FOREIGN_KEY_CHECKS, FOREIGN_KEY_CHECKS=0 */;
/*!40101 SET @OLD_SQL_MODE=@@SQL_MODE, SQL_MODE='NO_AUTO_VALUE_ON_ZERO' */;
/*!40111 SET @OLD_SQL_NOTES=@@SQL_NOTES, SQL_NOTES=0 */;

--
-- Table structure for table `announcements_mainpageblurbs`
--

DROP TABLE IF EXISTS `announcements_mainpageblurbs`;
/*!40101 SET @saved_cs_client     = @@character_set_client */;
/*!40101 SET character_set_client = utf8 */;
CREATE TABLE `announcements_mainpageblurbs` (
  `id` int(11) NOT NULL AUTO_INCREMENT,
  `Blurb` longtext,
  `Is_Active` tinyint(1) NOT NULL,
  PRIMARY KEY (`id`)
) ENGINE=InnoDB AUTO_INCREMENT=7 DEFAULT CHARSET=latin1;
/*!40101 SET character_set_client = @saved_cs_client */;

--
-- Dumping data for table `announcements_mainpageblurbs`
--

LOCK TABLES `announcements_mainpageblurbs` WRITE;
/*!40000 ALTER TABLE `announcements_mainpageblurbs` DISABLE KEYS */;
INSERT INTO `announcements_mainpageblurbs` VALUES (1,'Farm invites after 3/30/2020 are canceled until further notice. We need to stop thinking \"I can\'t catch this\" to \"I have this and don\'t want to give it to others.\"',0),(2,'The blurb needs to be bigger...',0),(3,'<ul>\r\n<li>Not all shooters are the same. That part\'s obvious but also, not all firearms are created alike. Even if they are the same make and manufacture for the same caliber, they are different. They might be close but close only counts with hand grenades and nuclear war.</li><br />\r\n\r\n<li>With that in mind, I\'ve hidden the load detail for my loads unless you\'re signed in. Logins are restricted to myself and 1-2 others. Don\'t ask for an account.</li><br />\r\n\r\n<li>I\'m updating this website roughly once a week with new features. Most will be hidden for a typical user but more for me in the background. However, this also means that the site will go down from time to time for reboots and things like that.</li><br />\r\n\r\n<li>Farm invites for 2021 are going to be limited. I\'ve got a few people that are \'always welcome\' at the farm but others are restricted and controlled by invite. The best way to get put on a blacklist, is to ask for an invite saying you\'re a great shooter/sniper/police/operator etc etc. Go do that somewhere else.</li><br />\r\n\r\n<li>COVID-19 is a thing, even if it\'s not a thing then we should learn from the event and keep distances unless we have a specific reason to violate personal space.</li><br />\r\n\r\n</ul>',0),(4,'Not all shooters are the same. That part\'s obvious but also, not all firearms are created alike. Even if they are the same make and manufacture for the same caliber, they are different. They might be close but close only counts with hand grenades and nuclear war.<br /><br />\r\n\r\nWith that in mind, I\'ve hidden the load detail for my loads unless you\'re signed in. Logins are restricted to myself and 1-2 others. Don\'t ask for an account.<br /><br />\r\n\r\nI\'m updating this website roughly once a week with new features. Most will be hidden for a typical user but more for me in the background. However, this also means that the site will go down from time to time for reboots and things like that.<br /><br />\r\n\r\nFarm invites for 2021 are going to be limited. I\'ve got a few people that are \'always welcome\' at the farm but others are restricted and controlled by invite. The best way to get put on a blacklist, is to ask for an invite saying you\'re a great shooter/sniper/police/operator etc etc. Go do that somewhere else.<br /><br />\r\n\r\nCOVID-19 is a thing, even if it\'s not a thing then we should learn from the event and keep distances unless we have a specific reason to violate personal space.<br /><br />',1),(5,'this is a test.',1),(6,'Not all shooters are the same. That part\'s obvious but also, not all firearms are created alike. Even if they are the same make and manufacture for the same caliber, they are different. They might be close but close only counts with hand grenades and nuclear war.<br /><br />\r\n\r\nWith that in mind, I\'ve hidden the load detail for my loads unless you\'re signed in. Logins are restricted to myself and 1-2 others. Don\'t ask for an account.<br /><br />\r\n\r\nI\'m updating this website roughly once a week with new features. Most will be hidden for a typical user but more for me in the background. However, this also means that the site will go down from time to time for reboots and things like that.<br /><br />\r\n\r\nFarm invites for 2021 are going to be limited. I\'ve got a few people that are \'always welcome\' at the farm but others are restricted and controlled by invite. The best way to get put on a blacklist, is to ask for an invite saying you\'re a great shooter/sniper/police/operator etc etc. Go do that somewhere else.<br /><br />\r\n\r\nCOVID-19 is a thing, even if it\'s not a thing then we should learn from the event and keep distances unless we have a specific reason to violate personal space.<br /><br />',1);
/*!40000 ALTER TABLE `announcements_mainpageblurbs` ENABLE KEYS */;
UNLOCK TABLES;

--
-- Table structure for table `announcements_pageblurboverrides`
--

DROP TABLE IF EXISTS `announcements_pageblurboverrides`;
/*!40101 SET @saved_cs_client     = @@character_set_client */;
/*!40101 SET character_set_client = utf8 */;
CREATE TABLE `announcements_pageblurboverrides` (
  `id` int(11) NOT NULL AUTO_INCREMENT,
  `Blurb` varchar(250) NOT NULL,
  `Page_Link_From_Base` varchar(250) NOT NULL,
  PRIMARY KEY (`id`),
  UNIQUE KEY `Page_Link_From_Base` (`Page_Link_From_Base`)
) ENGINE=InnoDB AUTO_INCREMENT=22 DEFAULT CHARSET=latin1;
/*!40101 SET character_set_client = @saved_cs_client */;

--
-- Dumping data for table `announcements_pageblurboverrides`
--

LOCK TABLES `announcements_pageblurboverrides` WRITE;
/*!40000 ALTER TABLE `announcements_pageblurboverrides` DISABLE KEYS */;
INSERT INTO `announcements_pageblurboverrides` VALUES (1,'This is my little black book of reloading. Make your own, don\'t use mine. Some of these are already hot in my firearm and might be a pipe bomb in yours. Use your head, don\'t loose your hands etc etc.','load_data/loads/'),(2,'I like big foot-pounds and can not lie!','load_data/foot_pound_calculator/'),(3,'The fundamental steps haven\'t changed, it\'s not going to change for you just because of a new firearm you snowflake!','shooting_logbook/six_steps/'),(4,'It\'s not out of focus, it\'s you reading the wind.','shooting_logbook/reading_wind_mirage/'),(5,'My rifle is my best friend. It is my life. I must master it as I must master my life.','load_data/firearm_detail/'),(6,'Even authorities like some DOPE (Data On Previous Knowledge [or Data On Personal Equipment]).','load_data/estimated_dope/'),(7,'News or fake news, who cares. Have fun and be yourself.','news/'),(8,'COVID-19 has dangers worse than unprotected sex but you don\'t know who your partner is.','/'),(9,'Approved 4/16/2020, IN HAND 5/28/2020. [220 days]','/days_since?input_date=10/22/2019'),(10,'Approved May 11th 2020, IN HAND July 2nd 2020. (260 days total)','/days_since?input_date=11/2/2019'),(11,'The day Maryland was told to stand still... alone.','/days_since?input_date=3/18/2020'),(12,'Rifleman\'s Creed','/news/detail/18'),(13,'Farm invites are shut down for now.','/news/detail/21'),(14,'A message from Appleseed.','/news/detail/22'),(15,'Let someone/something else shop for you, use AmmoSeek.','/news/detail/23'),(16,'Limited access. More to come later but for now, excuse the clunkyness.','load_data/toolbox/create_caliber/'),(17,'Brace yourself, authentication is no longer required. Times are estimated prior to 6/22/2020.','groundhog_logbook/by_shooter/'),(18,'Removals are an all time record.','groundhog_logbook/removal_scoreboard/'),(19,'Don\'t add powder that is the same thing. Example: IMR 4064, IMR_4064, IMR4064.','load_data/toolbox/create_powder/'),(20,'Don\'t add projectiles that are the same thing. Example: AMAX, A-MAX, A MAX.','load_data/toolbox/create_projectile/'),(21,'Charts are \"coming soon\", ish.','groundhog_logbook/charts/');
/*!40000 ALTER TABLE `announcements_pageblurboverrides` ENABLE KEYS */;
UNLOCK TABLES;

--
-- Table structure for table `announcements_whatisnew`
--

DROP TABLE IF EXISTS `announcements_whatisnew`;
/*!40101 SET @saved_cs_client     = @@character_set_client */;
/*!40101 SET character_set_client = utf8 */;
CREATE TABLE `announcements_whatisnew` (
  `id` int(11) NOT NULL AUTO_INCREMENT,
  `Date` date NOT NULL,
  `Blurb` varchar(250) NOT NULL,
  `Body` longtext NOT NULL,
  `Published` tinyint(1) NOT NULL,
  `Is_Sticky` tinyint(1) NOT NULL,
  `Image_One` varchar(100) DEFAULT NULL,
  PRIMARY KEY (`id`)
) ENGINE=InnoDB AUTO_INCREMENT=50 DEFAULT CHARSET=latin1;
/*!40101 SET character_set_client = @saved_cs_client */;

--
-- Dumping data for table `announcements_whatisnew`
--

LOCK TABLES `announcements_whatisnew` WRITE;
/*!40000 ALTER TABLE `announcements_whatisnew` DISABLE KEYS */;
INSERT INTO `announcements_whatisnew` VALUES (1,'2020-01-27','Added: What is new!','I\'ve added a latest news section or <i>what is new</i> which is similar to a blog but will only show the most recent published article. I\'ll probably take this and make it like a blog at some point but for now it\'s just a \'latest news\' section.',1,0,NULL),(2,'2020-01-26','Consolidated global functions','I consolidate global functions in the code base. This allowed me to reuse the same code in various portions of the website. I had tried before but I couldn\'t get them to display properly. I\'m not sure what I was doing wrong before but it seems to be working now!',1,0,NULL),(3,'2020-01-28','Bad Contact Info','A spot may have opened up for Saturday morning due to bad contact info. I\'ll give him another day to reply but then I\'ll open it up to others. Some lady got \'random\' text messages from me this evening. Hahhaa good thing I send out a PING type text message first.',1,0,NULL),(4,'2020-01-29','Shuffle Shuffle','I\'ve had to shuffle a couple of registrations here and there due to plans my amazing wife made for me that I didn\'t know about. Happy wife, happy life.',1,0,NULL),(5,'2020-02-05','Shifted data models','I shifted the data model a bit to a more logical composure. It doesn\'t mean much to most of the visitors/guests of this site right now though. In the long run, users will be able to store their own load data and DOPE on the website if they choose. The site began transitions to accommodate this.',1,0,NULL),(7,'2020-02-07','Master Po talks about 6 little steps','The experience of thousands of shooters over the last few hundred years has been distilled down to\r\n        these six steps for firing the shot. If you will put aside all notions on shooting acquired until now and try\r\n        this, it will improve your shooting. If you fire every shot &#8220;by the numbers&#8221; you will improve.\r\n\r\n\r\nRead the <a href=\"https://benspelledabc.me/shooting_logbook/six_steps/\">6 Little Steps</a>.',1,0,NULL),(8,'2020-02-10','Added shot logger','I\'ve added a shot log book to the site. Users have accounts, create a profile w/ firearm (or firearms), and load details. Once that is done, they can log their shots. It\'s needs a few more things before it really gets released but for now it\'s working.. just not easy to use hahaa.',1,0,NULL),(9,'2020-02-17','Ardunino Uno','This article is just here to serve as a light end point to test my arduino uno code. I wanted a light weight endpoint, this is it!',1,0,NULL),(10,'2020-02-22','100+ Virgin','Today both guests had to back out but it worked out because a secondary person was able to backfill the the slot. Too it off with; this guest had never shot past 100yards. We zeroed his rifle then Kentucky windage got 3 shots on shotgun clays at 200 yards in only 3-4 misses. He was stoked. \r\n\r\nI let him shoot one of my rifles at a dvd sized gong at 540 yards. Wind grabbed the bullet and juuuuust missed it. Got it on the next shout though. \r\n\r\nI’ve decided to put wind veins (flags) at the target out yonder. It lets you get real-time indicator of the wind direction and speed. We found about 80% of the time... it’s NOT doing what you feel in your face.',1,0,NULL),(11,'2020-02-26','Rotations Per Second','I added a rotations per second output field to the load data. The formula for RPM is V * 720 / TwistRate, which I divide again by 60 for RPS. Check it out on the <a href=\"/load_data/loads/\">load data</a> page.',1,0,NULL),(12,'2020-02-28','Farm Invite data model change.','I\'ve come to the realization that I need a check box for people that I work with so I can sort on that. This allows me to \'pre-approve\' people among other things.',1,0,NULL),(13,'2020-03-03','Obligations','Due to personal obligations, I\'m going to have to cancel several trips to the farm this year. <br /><br />\r\n\r\nI\'ve made a note of who you are and will revisit next year. All the guests have been great. \r\nThey all had a great time and I didn\'t get indexed a single time. \r\n\r\n<br /><br />\r\nAll of the gongs are okay but some\r\n of the dueling tree plate holders got ripped up a bit. Jerking the trigger or zero being 4 MOA off\r\n to the left/right... does a number on the frames. Sadly, this means I\'ll want to do an shooting skill assessment\r\n before allowing people to shoot the dueling trees with rifles. The good news is, they still function!',1,0,NULL),(14,'2020-03-10','No Logins','I can\'t tell you how many times I\'ve \r\nbeen told they can\'t login to the site. There is no login for anyone other than me at this time. Which was on the \r\nlogin page itself but people don\'t read it. Login is a magical link, they see it and <i>MUST.. CLICK...LINK</i> zombies come out. \r\n\r\n<br /><br />\r\nPlease understand how this looks super bad when you don\'t read. When dealing with firearms and strangers I get a little \r\njittery in the first place. Combine that with someone that can\'t/won\'t read instructions and all bets are off. 90% of the \r\ntimes I\'ve been indexed are from \"military\" or \"special forces\" guys that let their egos get in front of safey. Sure, I\'m \r\nstill here and I only have the holes given to me at birth but egos build complicity... and that\'s where I draw the line. If \r\nyou feel that\'s too harsh, you\'re probably part of the problem.',1,0,NULL),(15,'2020-03-11','Sticky News','I\'ve added a sticky bit to posts. They will appear at the top of the news posts regardless of date published. They also have the <b>Noodly One</b> next to the title of the sticky post.',1,0,NULL),(16,'2020-03-12','COVID-19 Affected Map','I\'m pulling the image from CDC.gov use their website for better info not mine obviously. <br /><br />\r\n<img style=\"width:700px;\" src=\"https://www.cdc.gov/coronavirus/2019-ncov/images/outbreak-coronavirus-world.png\" />',1,0,NULL),(17,'2020-03-13','Groundhog hole map','I\'m going to start storing the lat/long info for groundhog holes. Perhaps a way to count the number of groundhogs per location also. I would like to have a way to track them so i know if i\'m having ANY effect on them. I remove 20-40 groundhogs a year and still at it. Groundhog hole <a href=\"https://benspelledabc.me/groundhog_logbook/locations/\">list</a>.',1,0,NULL),(18,'2020-03-20','Rifleman\'s Creed','This is my rifle. There are many like it, but this one is mine.<br />\r\nMy rifle is my best friend. It is my life. I must master it as I must master my life.<br /><br />\r\n\r\nWithout me, my rifle is useless. Without my rifle, I am useless. I must fire my rifle true. I must shoot straighter than my enemy who is trying to kill me. I must shoot him before he shoots me. I will ...<br /><br />\r\n\r\nMy rifle and I know that what counts in war is not the rounds we fire, the noise of our burst, nor the smoke we make. We know that it is the hits that count. We will hit ...<br /><br />\r\n\r\nMy rifle is human, even as I, because it is my life. Thus, I will learn it as a brother. I will learn its weaknesses, its strength, its parts, its accessories, its sights and its barrel. I will keep my rifle clean and ready, even as I am clean and ready. We will become part of each other. We will ...<br /><br />\r\n\r\nBefore God, I swear this creed. My rifle and I are the defenders of my country. We are the masters of our enemy. We are the saviors of my life.<br /><br />\r\n\r\nSo be it, until victory is America\'s and there is no enemy, but peace!<br />',1,0,NULL),(19,'2020-03-20','Added database driven blurbs','I updated the back-end of the website to allow the message blurbs to be updated easier. It\'s not fool proof but it\'ll do... It\'ll do.',1,0,NULL),(20,'2020-03-22','Adding Projectile Links','With the update to <a href=\"http://ammoseek.com\">ammoseek.com</a> I\'m going to update the site to link directly to the projectiles used. Here is an example of the 69gr bullet I use, <a href=\"https://ammoseek.com/reloading/bullets/.224-diameter/Sierra-69grains?ikw=matchking&ekw=tipped\" target=\"_blank\">here</a>.',1,0,NULL),(21,'2020-03-02','Farm Invite: STATUS','<b>Closed</b>. <b><i>COVID-19</i></b> has prompted a closure of invites. They will resume at a later time and I\'ll update the status accordingly.',1,0,NULL),(22,'2020-03-25','Improvise, adapt and overcome','I got an email this morning from a person who\'s part of Project Appleseed. I wanted to share it with you all.<br /><br /><br />\r\n<br />Improvise, adapt and overcome.\r\n<br />\r\n<br />These words are an essential part of the message that Project Appleseed relates to America. They define the character of the Appleseed instructor. And they are exemplified by the great Americans that Project Appleseed memorializes, like Isaac Davis, Samuel Whittemore and Elizabeth Zane.\r\n<br />\r\n<br />Improvise, adapt and overcome.\r\n<br />\r\n<br />Never before has this mantra been as relevant to Americans as it is today. And never before has Appleseed been more relevant.  The Covid-19 pandemic means self-sufficiency will be the order of the day. It means that we will have to find new ways to accomplish routine tasks. It means that Americans’ priorities will be reset. And it means that there will be a greater need than ever for Project Appleseed.\r\n<br />\r\n<br />Improvise, adapt and overcome.\r\n<br />\r\n<br />For those of us who have survived natural disasters, those words have a personal meaning. Over the past 30 years, I’ve lived through five hurricanes and a tropical storm that have ripped the roof off my home, destroyed my possessions, forced us to use boats to get around our neighborhood, and taught us to live without electricity, organize our neighborhoods  for security and get along without many of the niceties of modern living. And we survived just fine. \r\n<br />\r\n<br />Improvise, adapt and overcome.\r\n<br />\r\n<br />The challenges are going to be many. But we <i>are</i> Appleseed. We are more than equal to the task. We have the wisdom of our ancestors and the indefatigable spirit of those who stood up on April 19, 1775, to guide us.\r\n<br />\r\n<br />Our shoots may be smaller. Our cadres may only operate locally. But there will be a greater relevance to our instruction.  People expect the crisis to bring out the worst in their neighbors. But my experience is just the opposite: Hardship brings out the best in Americans. \r\n<br />\r\n<br />In this time of darkness, let us shine.\r\n<br />\r\n<br />Let us stand up and be leaders in our communities.  In the digital age, we don’t need to meet face to face to lead our community. Let us look after each other and help keep each other safe.\r\n<br />\r\n<br />And above all, let us not forget our ideals. As John Adams warned us, our ancestors are watching in judgement. Let us make them proud of their progeny.  It is time to show what we are made of.  We <i>will</i> improvise, adapt and overcome.\r\n<br />\r\n<br />We have a country to save. And we will not falter.',1,0,NULL),(23,'2020-03-28','Added AmmoSeek links','I\'ve added links to several components that takes you to AmmoSeek\'s website. AmmoSeek has saved me so much time and money, I\'ll never use anything else while it\'s active.',1,0,NULL),(24,'2020-03-29','52gr Matchking','mmMmMMM 22-250 laser beams.. <a href=\"https://www.midsouthshooterssupply.com/item/000071410c/22-caliber-point224-diameter-52-grain-hollow-point-boat-tail-matchking-500-count\" target=\"_blank\"><i class=\"fas fa-shopping-cart\"></i> BUY NOW</a>.',1,0,NULL),(25,'2020-03-31','Users can now add calibers!','I\'m adding the ability for users to add information to the website in a controlled way. Tonight I added the ability to add calibers. They don\'t get approved by default, I\'ll have to go in and approve them. This should cut down on spam. Also, if there are too many submissions from a user w/in X time the account may or may not get disabled and held for questioning.<br /><br />\r\n\r\nNext I\'ll be adding the ability to add projectiles, then powder, then hand-loads of approved items. Once that\'s done, you\'ll be able to add your own firearm info if you choose. No biggy, it\'s just me learning a new language and you\'ll benefit from my learning process as well!',1,0,NULL),(26,'2020-03-31','Top groundhog removers!','I\'m working on adding a scoreboard type of display. The list will show the primary locations that groundhogs are being removed and who\'s doing the most removing. This is mostly for a \'how do I do this in django/python\' but also for tracking for next year.<br /><br />The problem right now is that the result is the <i>user id/pk</i> instead of the <i>username</i> for said user. This isn\'t very user friendly for displays. I\'ve reached out to a co-worker to see if he can provide some assistance. Hang in there!',1,0,NULL),(27,'2020-04-03','Adding \"buy me\" links.','I found another spot that there are no links to the products to buy. IE: on the groundhog logbook ( <a href=\"https://benspelledabc.me/groundhog_logbook/by_shooter/\" target=\"_blank\">shown here</a> ), it shows the \"load detail\" but doesn\'t show links to the projectile or powder. That\'s what i\'m going to update next when i have time.<br /><br />I may NOT do this because it\'s hard coded into the data model at the moment. I don\'t want to jack w/ that at this time.',1,0,NULL),(28,'2020-04-12','Image upload','\"It works on my dev box!\" hahah but seriously, it works on dev and on test. When I try to put it on production, it doens\'t work. Nginx gives a server 500 error. I\'m not sure what it is at this time, i\'ll figure it out eventually. Turns out, the production server IS NOT \"just like\" the dev/test box. WHO KNEW!?<br /><br />\r\nI figured it out! It was a setting in the nginx.conf file that was slightly different on production than it was on test. I changed it to match what was on test and BAM SON... it works just fine now!',1,0,NULL),(30,'2020-05-11','A sample reloading shopping list.','This list is a decent list of materials. Several of these have options. I\'ll talk to you about them in person. It\'s too much to put in here as a news post at this time. \r\n\r\n<table class=\"table table-bordered table-hover table-condensed\">\r\n<thead><tr><th title=\"Field #1\">quick name</th>\r\n<th title=\"Field #2\">usdollars</th>\r\n<th title=\"Field #3\">optional</th>\r\n<th title=\"Field #4\">link</th>\r\n</tr></thead>\r\n<tbody><tr>\r\n<td>reloading machine</td>\r\n<td>$457.00</td>\r\n<td>no</td>\r\n<td>https://www.dillonprecision.com/rl-550c-reloader_8_1_23594.html</td>\r\n</tr>\r\n<tr>\r\n<td>strong mount</td>\r\n<td>$59.99</td>\r\n<td>no</td>\r\n<td>https://www.dillonprecision.com/rl-550-xl-650-xl-750-strong-mount_8_1_23596.html</td>\r\n</tr>\r\n<tr>\r\n<td>chamfer/debur</td>\r\n<td>$19.95</td>\r\n<td>no</td>\r\n<td>https://www.amazon.com/Hornady-050117-4-Blade-Chamfer-Deburring/dp/B078489V3X/ref=sr_1_2?dchild=1&amp;keywords=lyman+deburring+tool&amp;qid=1589237521&amp;sr=8-2</td>\r\n</tr>\r\n<tr>\r\n<td>300blk case gauge</td>\r\n<td>$25.23</td>\r\n<td>no</td>\r\n<td>https://www.amazon.com/Lyman-Products-Blackout-Length-Headspace/dp/B00URUECKC/ref=sr_1_1?crid=V66SM18M8344&amp;dchild=1&amp;keywords=300+blk+case+gauge&amp;qid=1589237677&amp;sprefix=300+blk+case+%2Caps%2C126&amp;sr=8-1</td>\r\n</tr>\r\n<tr>\r\n<td>ultra sonic cleaner</td>\r\n<td>$125.59</td>\r\n<td>no</td>\r\n<td>https://www.amazon.com/Hornady-043320-Lock-N-Load-Sonic-Cleaner/dp/B007TNX9ZE/ref=sr_1_2?crid=3061ZN91ANYG&amp;dchild=1&amp;keywords=hornady+ultrasonic+cleaner+solution&amp;qid=1589237785&amp;sprefix=hornady+ultra%2Caps%2C133&amp;sr=8-2</td>\r\n</tr>\r\n<tr>\r\n<td>bullet puller no collet</td>\r\n<td>$22.99</td>\r\n<td>yes</td>\r\n<td>https://www.amazon.com/RCBS-9440-Bullet-Puller-without/dp/B000N8N1YQ/ref=sr_1_3?dchild=1&amp;keywords=collet+bullet+puller&amp;qid=1589238765&amp;sr=8-3</td>\r\n</tr>\r\n<tr>\r\n<td>22 cal bullet puller</td>\r\n<td>$16.98</td>\r\n<td>yes</td>\r\n<td>https://www.amazon.com/RCBS-Bullet-Puller-Collet-22-Caliber/dp/B000N8QKRG/ref=psdc_4200921_t2_B000N8N1YQ</td>\r\n</tr>\r\n<tr>\r\n<td>reloading manual 1</td>\r\n<td>$33.50</td>\r\n<td>no</td>\r\n<td>https://www.amazon.com/Hornady-99240-Reloading-Manual-Pages/dp/B01MAUZ71V/ref=sr_1_1?crid=2LR88JE2PCNH1&amp;dchild=1&amp;keywords=hornady+reloading+manual&amp;qid=1589238889&amp;sprefix=hornady+reload%2Caps%2C131&amp;sr=8-1</td>\r\n</tr>\r\n<tr>\r\n<td>digital caliper</td>\r\n<td>$37.59</td>\r\n<td>no</td>\r\n<td>https://www.amazon.com/Hornady-500806-050080-Digital-Caliper/dp/B001KZ3NOO/ref=sr_1_13?dchild=1&amp;keywords=digital+caliper&amp;qid=1589242463&amp;sr=8-13</td>\r\n</tr>\r\n<tr>\r\n<td>digital scale</td>\r\n<td>$28.96</td>\r\n<td>no</td>\r\n<td>https://www.amazon.com/Frankford-Arsenal-Digital-Reloading-Display/dp/B002BDOHNA/ref=sr_1_1?crid=3VMMAN0I6WJPQ&amp;dchild=1&amp;keywords=frankford+digital+scale&amp;qid=1589242512&amp;sprefix=frankford+digital+scale%2Caps%2C179&amp;sr=8-1</td>\r\n</tr>\r\n<tr>\r\n<td>awesome trimmer</td>\r\n<td>$75.95</td>\r\n<td>no</td>\r\n<td>https://www.amazon.com/Worlds-Finest-Trimmer-223-Rem/dp/B009NKJXFQ/ref=sr_1_1?dchild=1&amp;keywords=brass+trimmer&amp;qid=1589242637&amp;sr=8-1</td>\r\n</tr>\r\n<tr>\r\n<td>case lube</td>\r\n<td>$9.99</td>\r\n<td>no</td>\r\n<td>https://www.amazon.com/Hornady-9991-Spray-DynaGlide-Aerosol/dp/B0001NA29U/ref=sr_1_1?dchild=1&amp;keywords=one+shot+case+lube&amp;qid=1589243095&amp;sr=8-1</td>\r\n</tr>\r\n<tr>\r\n<td><strong>EXTRAS FOR MORE</strong></td>\r\n<td> </td>\r\n<td> </td>\r\n<td> </td>\r\n</tr>\r\n<tr>\r\n<td>good trimmer</td>\r\n<td>$29.95</td>\r\n<td>yes *</td>\r\n<td>https://www.amazon.com/Lyman-Products-ZEE-Trimmer-Rifle/dp/B00AU6C7MI/ref=sr_1_3?dchild=1&amp;keywords=lee+brass+trimmer&amp;qid=1589242788&amp;sr=8-3</td>\r\n</tr>\r\n<tr>\r\n<td>good trimmer 300blk </td>\r\n<td>$9.91</td>\r\n<td>yes *</td>\r\n<td>https://www.amazon.com/Lyman-ZEE-Trim-Pilot-Black-Out/dp/B00I6OS2PW/ref=sr_1_1?dchild=1&amp;keywords=lee+e-zee+trim+300+blackout&amp;qid=1589242961&amp;sr=8-1</td>\r\n</tr>\r\n<tr>\r\n<td>primer flipper tray</td>\r\n<td>$6.95</td>\r\n<td>yes</td>\r\n<td>https://www.amazon.com/RCBS-09480-Primer-Tray-2/dp/B000N8HW3M/ref=sr_1_1?dchild=1&amp;keywords=primer+flipping+tray&amp;qid=1589243134&amp;sr=8-1</td>\r\n</tr>\r\n<tr>\r\n<td>locator pin tabs</td>\r\n<td>$0.99</td>\r\n<td>yes</td>\r\n<td>https://www.amazon.com/Locator-Dillon-Reloading-Press-XL650/dp/B084BQRJJV/ref=sr_1_fkmr1_1?dchild=1&amp;keywords=dillon+550+caliber+conversion&amp;qid=1589244457&amp;s=sporting-goods&amp;sr=1-1-fkmr1</td>\r\n</tr>\r\n<tr>\r\n<td>second powder head</td>\r\n<td>$145.19</td>\r\n<td>yes</td>\r\n<td>https://www.amazon.com/Dillon-Precision-Deluxe-Change-Assembly/dp/B00T3OELRC/ref=sr_1_12?dchild=1&amp;keywords=dillon+550+toolhead&amp;qid=1589244316&amp;sr=8-12</td>\r\n</tr>\r\n<tr>\r\n<td>caliber conversion kit</td>\r\n<td>$52.99</td>\r\n<td>yes</td>\r\n<td>https://www.dillonprecision.com/rl-550-caliber-conversion-kit_8_2_23598.html</td>\r\n</tr>\r\n<tr>\r\n<td>bullet tray</td>\r\n<td>$47.99</td>\r\n<td>yes</td>\r\n<td>https://www.dillonprecision.com/bullet-tray-square-deal-b-rl-550-xl-650-xl-750_8_1_23597.html</td>\r\n</tr>\r\n</tbody></table>',1,1,NULL),(31,'2020-06-22','Added Second Image','There have been too many times that I wanted to share more than one image. I\'ve setup the site to allow two images. Really what would be better is to allow \"several\" images but two is fine for now.',1,0,NULL),(32,'2020-06-22','Added Time To Groundhog Logbook','I\'ve added a timestamp to the database in attempt to figure out when the groundhogs are being dispatched. Times before 6/22/2020 are estimated, which is why it\'s a field now so I don\'t have to estimate. I suppose the images on my phone should have metadata to them which shows the date/time. We\'ll see if it does or not later. If it does, I\'ll update the times accordingly.',1,0,NULL),(33,'2020-06-27','Name change','I decided to change/normalize the name of the website. Short sweet and easy to understand over my traditional \"IMRUnicorn\" name.',1,0,NULL),(34,'2020-06-30','Load Development Process Trail Change','<p>For a few years now I\'ve been using Dan Newberry\'s OCW (optimal charge weight) load development system. It had it\'s advantages over a traditional ladder development but presented its own issues. If the shooter screwed up and pulled it, the test was out. All other kinds of \"range reasons\" but that was the biggest one. The process that\'s new to me is something that seems to yield similar results but take the \"bad shooter\" out of the development process.</p>\r\n\r\n<p>I did it for a groundhog 308 load I have and i\'m super happy with the results. So much so that I might redo some other \"known good loads\" to see if my results were skewed. If i can get the SD/ES down into single digits AND have a sub-MOA group, I\'m beyond happy for the shooting I do.</p>',1,0,''),(35,'2020-07-06','BugFix: Firearm Detail','Every time you change your barrel or things attached to it you should verify your zero. If that change is a suppressor which may or may not always be attached you run into a challenge. The challenge is remembering both zeros for multiple firearms or writing it down. I\'ve decided to do the latter and just write it down, on this website. I already had a section for \"extra info\" but i wanted to break it up into paragraphs for readability. <a href=\"https://benspelledabc.me/load_data/firearm_detail/4\">Check it out</a>.',1,0,NULL),(36,'2020-07-13','Adding an endpoint','Check it out, <a href=\"https://benspelledabc.me/groundhog_logbook/api/chart/\">here</a>.',0,0,NULL),(37,'2020-07-26','Added Restart Control','I decided to add a feature which allows me to restart the website without having to remote in and do it manually. It\'s restricted but should be fine.',1,0,'uploads/announcements/what_is_new/restartWebsite.png'),(38,'2020-07-27','Added Images To News','Too many times now have I wanted to add an image to the website that wasn\'t a groundhog removal image. I\'ve decided to add images to news posts and I\'ll see how that goes over. To save page loading time, it\'ll only load a \'font awesome\' image of a camera if there is an image for that post. When you click on the camera it\'ll take you to the picture. If you click on the title of the post, it\'ll take you to that post and have a scaled down image of the post. Finally, if you click on the picture on that page, you\'ll get a full size image also.',1,0,''),(39,'2020-07-27','Safer or More Dangerous?','I looked at the CDC website today and noticed that some countries are not reporting COVID cases. Do you think that\'s because they are safer or more dangerous? I\'m happy to be at a place that reports its faults. Without faults we are perfect, or lying.',1,0,''),(40,'2020-08-06','Added a new POLL','I\'ve added a new poll. Vote away! <a href=\"https://benspelledabc.me/polls/6/\">here</a>',1,1,''),(41,'2020-08-06','Grid Defense','A while back great defense pistol upper. I didn’t do load testing on it or anything because I crashed my motorcycle and I just didn’t have time. Since then I have tried it and I keep getting keyholing in the bullets. I’ve sent to barrel back to them they have it I’m not sure what the next step is I hope they replace it. Rumor has it they have good customer service and they will take care of it. Stay tuned I’ll let you know how it goes.',0,0,''),(42,'2020-08-06','Grid Defense','A while back great defense pistol upper. I didn’t do load testing on it or anything because I crashed my motorcycle and I just didn’t have time. Since then I have tried it and I keep getting keyholing in the bullets. I’ve sent to barrel back to them they have it I’m not sure what the next step is I hope they replace it. Rumor has it they have good customer service and they will take care of it. Stay tuned I’ll let you know how it goes.',0,0,''),(43,'2020-08-06','Grid Defense','A while back great defense pistol upper. I didn’t do load testing on it or anything because of personal reasons and I just didn’t have time. Since then I have tried it and I keep getting keyholing in the bullets. I’ve sent to barrel back to them they have it I’m not sure what the next step is I hope they replace it. Rumor has it they have good customer service and they will take care of it. Stay tuned I’ll let you know how it goes.',0,0,''),(44,'2020-08-06','Grid Defense','A while back great defense pistol upper. I didn’t do load testing on it or anything because of personal reasons and I just didn’t have time. Since then I have tried it and I keep getting keyholing in the bullets. I’ve sent to barrel back to them they have it I’m not sure what the next step is I hope they replace it. Rumor has it they have good customer service and they will take care of it. Stay tuned I’ll let you know how it goes.',0,0,''),(45,'2020-08-06','Grid Defense','A while I got a <strong>grid defense</strong>  pistol upper. I didn’t do shot testing on it for several months because of personal reasons and I just didn’t have time. Since then I have tried it and I keep getting keyholing!!. I’ve sent to barrel back to them they have it I’m not sure what the next step is I hope they replace it. Rumor has it they have good customer service and they will take care of it. Stay tuned I’ll let you know how it goes.',0,0,''),(46,'2020-08-06','Grid Defense','A while I got a <strong>grid defense</strong>  pistol upper. I didn’t do shot testing on it for several months because of personal reasons and I just didn’t have time. Since then I have tried it and I keep getting keyholing!!. I’ve sent to barrel back to them they have it I’m not sure what the next step is I hope they replace it. Rumor has it they have good customer service and they will take care of it. Stay tuned I’ll let you know how it goes.',0,0,''),(47,'2020-08-06','Grid Defense','A while I got a <strong>grid defense</strong>  pistol upper. I didn’t do shot testing on it for several months because of personal reasons and I just didn’t have time. Since then I have tried it and I keep getting keyholing!!. I’ve sent to barrel back to them they have it I’m not sure what the next step is I hope they replace it. Rumor has it they have good customer service and they will take care of it. Stay tuned I’ll let you know how it goes.',1,1,''),(48,'2020-08-08','Clearing of the short range','More info later, for now... here’sa picture.',1,0,'uploads/announcements/what_is_new/E2240BF4-C510-4F4C-A55A-9033351967C5.jpeg'),(49,'2020-08-09','Playing PIG','<br /><p>This was my daughter\'s second time shooting. She went for her 9th birthday and now a late 10th bday visit. We are playing PIG and to make things a more even match she gets to be prone with a 3x scope. I\'m sitting, using iron sites and shooting weak hand (left handed/eyed for me). This was hard at first and she got the letter P fairly quickly. Then I figured out how to do get the propper picture so she made it more challanging. She would call the target and add \'Hit the target within X Mississippi\' from low ready. We started with 4 seconds, no wait I\'m sorry.. thats \'4 Mississippis\'. That was hard for a bit but no additional letters were earned. She lowered it to 3 Mississippis and got another letter! Now its PI to null. She lowered it to 2 Mississippis, called the target which was a 4\" target at 20 yards. I shot, I missed. She got PIG.</p>',1,1,'uploads/announcements/what_is_new/paying_pig_yRifwKC.jpeg');
/*!40000 ALTER TABLE `announcements_whatisnew` ENABLE KEYS */;
UNLOCK TABLES;

--
-- Table structure for table `auth_group`
--

DROP TABLE IF EXISTS `auth_group`;
/*!40101 SET @saved_cs_client     = @@character_set_client */;
/*!40101 SET character_set_client = utf8 */;
CREATE TABLE `auth_group` (
  `id` int(11) NOT NULL AUTO_INCREMENT,
  `name` varchar(150) NOT NULL,
  PRIMARY KEY (`id`),
  UNIQUE KEY `name` (`name`)
) ENGINE=InnoDB AUTO_INCREMENT=5 DEFAULT CHARSET=latin1;
/*!40101 SET character_set_client = @saved_cs_client */;

--
-- Dumping data for table `auth_group`
--

LOCK TABLES `auth_group` WRITE;
/*!40000 ALTER TABLE `auth_group` DISABLE KEYS */;
INSERT INTO `auth_group` VALUES (3,'default_access'),(1,'farminvite_editor'),(2,'firearm_creators'),(4,'groundhog_logbook_admin');
/*!40000 ALTER TABLE `auth_group` ENABLE KEYS */;
UNLOCK TABLES;

--
-- Table structure for table `auth_group_permissions`
--

DROP TABLE IF EXISTS `auth_group_permissions`;
/*!40101 SET @saved_cs_client     = @@character_set_client */;
/*!40101 SET character_set_client = utf8 */;
CREATE TABLE `auth_group_permissions` (
  `id` int(11) NOT NULL AUTO_INCREMENT,
  `group_id` int(11) NOT NULL,
  `permission_id` int(11) NOT NULL,
  PRIMARY KEY (`id`),
  UNIQUE KEY `auth_group_permissions_group_id_permission_id_0cd325b0_uniq` (`group_id`,`permission_id`),
  KEY `auth_group_permissio_permission_id_84c5c92e_fk_auth_perm` (`permission_id`),
  CONSTRAINT `auth_group_permissions_group_id_b120cbf9_fk_auth_group_id` FOREIGN KEY (`group_id`) REFERENCES `auth_group` (`id`),
  CONSTRAINT `auth_group_permissio_permission_id_84c5c92e_fk_auth_perm` FOREIGN KEY (`permission_id`) REFERENCES `auth_permission` (`id`)
) ENGINE=InnoDB AUTO_INCREMENT=20 DEFAULT CHARSET=latin1;
/*!40101 SET character_set_client = @saved_cs_client */;

--
-- Dumping data for table `auth_group_permissions`
--

LOCK TABLES `auth_group_permissions` WRITE;
/*!40000 ALTER TABLE `auth_group_permissions` DISABLE KEYS */;
INSERT INTO `auth_group_permissions` VALUES (4,1,44),(6,2,49),(5,2,53),(8,3,48),(10,3,60),(9,3,64),(11,3,68),(12,4,81),(13,4,82),(14,4,83),(15,4,84),(16,4,85),(17,4,86),(18,4,87),(19,4,88);
/*!40000 ALTER TABLE `auth_group_permissions` ENABLE KEYS */;
UNLOCK TABLES;

--
-- Table structure for table `auth_permission`
--

DROP TABLE IF EXISTS `auth_permission`;
/*!40101 SET @saved_cs_client     = @@character_set_client */;
/*!40101 SET character_set_client = utf8 */;
CREATE TABLE `auth_permission` (
  `id` int(11) NOT NULL AUTO_INCREMENT,
  `name` varchar(255) NOT NULL,
  `content_type_id` int(11) NOT NULL,
  `codename` varchar(100) NOT NULL,
  PRIMARY KEY (`id`),
  UNIQUE KEY `auth_permission_content_type_id_codename_01ab375a_uniq` (`content_type_id`,`codename`),
  CONSTRAINT `auth_permission_content_type_id_2f476e4b_fk_django_co` FOREIGN KEY (`content_type_id`) REFERENCES `django_content_type` (`id`)
) ENGINE=InnoDB AUTO_INCREMENT=109 DEFAULT CHARSET=latin1;
/*!40101 SET character_set_client = @saved_cs_client */;

--
-- Dumping data for table `auth_permission`
--

LOCK TABLES `auth_permission` WRITE;
/*!40000 ALTER TABLE `auth_permission` DISABLE KEYS */;
INSERT INTO `auth_permission` VALUES (1,'Can add log entry',1,'add_logentry'),(2,'Can change log entry',1,'change_logentry'),(3,'Can delete log entry',1,'delete_logentry'),(4,'Can view log entry',1,'view_logentry'),(5,'Can add permission',2,'add_permission'),(6,'Can change permission',2,'change_permission'),(7,'Can delete permission',2,'delete_permission'),(8,'Can view permission',2,'view_permission'),(9,'Can add group',3,'add_group'),(10,'Can change group',3,'change_group'),(11,'Can delete group',3,'delete_group'),(12,'Can view group',3,'view_group'),(13,'Can add user',4,'add_user'),(14,'Can change user',4,'change_user'),(15,'Can delete user',4,'delete_user'),(16,'Can view user',4,'view_user'),(17,'Can add content type',5,'add_contenttype'),(18,'Can change content type',5,'change_contenttype'),(19,'Can delete content type',5,'delete_contenttype'),(20,'Can view content type',5,'view_contenttype'),(21,'Can add session',6,'add_session'),(22,'Can change session',6,'change_session'),(23,'Can delete session',6,'delete_session'),(24,'Can view session',6,'view_session'),(25,'Can add powder',7,'add_powder'),(26,'Can change powder',7,'change_powder'),(27,'Can delete powder',7,'delete_powder'),(28,'Can view powder',7,'view_powder'),(29,'Can add projectile',8,'add_projectile'),(30,'Can change projectile',8,'change_projectile'),(31,'Can delete projectile',8,'delete_projectile'),(32,'Can view projectile',8,'view_projectile'),(33,'Can add hand load',9,'add_handload'),(34,'Can change hand load',9,'change_handload'),(35,'Can delete hand load',9,'delete_handload'),(36,'Can view hand load',9,'view_handload'),(37,'Can add estimated dope',10,'add_estimateddope'),(38,'Can change estimated dope',10,'change_estimateddope'),(39,'Can delete estimated dope',10,'delete_estimateddope'),(40,'Can view estimated dope',10,'view_estimateddope'),(41,'Can add invite listing',11,'add_invitelisting'),(42,'Can change invite listing',11,'change_invitelisting'),(43,'Can delete invite listing',11,'delete_invitelisting'),(44,'Can view invite listing',11,'view_invitelisting'),(45,'Can add What Is New',12,'add_whatisnew'),(46,'Can change What Is New',12,'change_whatisnew'),(47,'Can delete What Is New',12,'delete_whatisnew'),(48,'Can view What Is New',12,'view_whatisnew'),(49,'Can add caliber',13,'add_caliber'),(50,'Can change caliber',13,'change_caliber'),(51,'Can delete caliber',13,'delete_caliber'),(52,'Can view caliber',13,'view_caliber'),(53,'Can add firearm',14,'add_firearm'),(54,'Can change firearm',14,'change_firearm'),(55,'Can delete firearm',14,'delete_firearm'),(56,'Can view firearm',14,'view_firearm'),(57,'Can add choice',15,'add_choice'),(58,'Can change choice',15,'change_choice'),(59,'Can delete choice',15,'delete_choice'),(60,'Can view choice',15,'view_choice'),(61,'Can add question',16,'add_question'),(62,'Can change question',16,'change_question'),(63,'Can delete question',16,'delete_question'),(64,'Can view question',16,'view_question'),(65,'Can add poll',17,'add_poll'),(66,'Can change poll',17,'change_poll'),(67,'Can delete poll',17,'delete_poll'),(68,'Can view poll',17,'view_poll'),(69,'Can add shot entry',18,'add_shotentry'),(70,'Can change shot entry',18,'change_shotentry'),(71,'Can delete shot entry',18,'delete_shotentry'),(72,'Can view shot entry',18,'view_shotentry'),(73,'Can add location',19,'add_location'),(74,'Can change location',19,'change_location'),(75,'Can delete location',19,'delete_location'),(76,'Can view location',19,'view_location'),(77,'Can add shot collection',20,'add_shotcollection'),(78,'Can change shot collection',20,'change_shotcollection'),(79,'Can delete shot collection',20,'delete_shotcollection'),(80,'Can view shot collection',20,'view_shotcollection'),(81,'Can add location',21,'add_location'),(82,'Can change location',21,'change_location'),(83,'Can delete location',21,'delete_location'),(84,'Can view location',21,'view_location'),(85,'Can add removals by location',22,'add_removalsbylocation'),(86,'Can change removals by location',22,'change_removalsbylocation'),(87,'Can delete removals by location',22,'delete_removalsbylocation'),(88,'Can view removals by location',22,'view_removalsbylocation'),(89,'Can add main page blurbs',23,'add_mainpageblurbs'),(90,'Can change main page blurbs',23,'change_mainpageblurbs'),(91,'Can delete main page blurbs',23,'delete_mainpageblurbs'),(92,'Can view main page blurbs',23,'view_mainpageblurbs'),(93,'Can add page blurb overrides',24,'add_pageblurboverrides'),(94,'Can change page blurb overrides',24,'change_pageblurboverrides'),(95,'Can delete page blurb overrides',24,'delete_pageblurboverrides'),(96,'Can view page blurb overrides',24,'view_pageblurboverrides'),(97,'Can add primer',25,'add_primer'),(98,'Can change primer',25,'change_primer'),(99,'Can delete primer',25,'delete_primer'),(100,'Can view primer',25,'view_primer'),(101,'Can add brass',26,'add_brass'),(102,'Can change brass',26,'change_brass'),(103,'Can delete brass',26,'delete_brass'),(104,'Can view brass',26,'view_brass'),(105,'Can add Restart Requests',27,'add_restartrequests'),(106,'Can change Restart Requests',27,'change_restartrequests'),(107,'Can delete Restart Requests',27,'delete_restartrequests'),(108,'Can view Restart Requests',27,'view_restartrequests');
/*!40000 ALTER TABLE `auth_permission` ENABLE KEYS */;
UNLOCK TABLES;

--
-- Table structure for table `auth_user`
--

DROP TABLE IF EXISTS `auth_user`;
/*!40101 SET @saved_cs_client     = @@character_set_client */;
/*!40101 SET character_set_client = utf8 */;
CREATE TABLE `auth_user` (
  `id` int(11) NOT NULL AUTO_INCREMENT,
  `password` varchar(128) NOT NULL,
  `last_login` datetime(6) DEFAULT NULL,
  `is_superuser` tinyint(1) NOT NULL,
  `username` varchar(150) NOT NULL,
  `first_name` varchar(30) NOT NULL,
  `last_name` varchar(150) NOT NULL,
  `email` varchar(254) NOT NULL,
  `is_staff` tinyint(1) NOT NULL,
  `is_active` tinyint(1) NOT NULL,
  `date_joined` datetime(6) NOT NULL,
  PRIMARY KEY (`id`),
  UNIQUE KEY `username` (`username`)
) ENGINE=InnoDB AUTO_INCREMENT=34 DEFAULT CHARSET=latin1;
/*!40101 SET character_set_client = @saved_cs_client */;

--
-- Dumping data for table `auth_user`
--

LOCK TABLES `auth_user` WRITE;
/*!40000 ALTER TABLE `auth_user` DISABLE KEYS */;
INSERT INTO `auth_user` VALUES (1,'password_removed','2020-08-15 13:14:39.105520',1,'Sven','sven','davison','svendavison@gmail.com',1,1,'2020-01-08 22:02:01.000000'),(5,'password_removed','2020-08-05 22:23:20.218479',0,'Shamus','Shamus','','',0,1,'2020-02-06 01:55:57.000000'),(26,'password_removed','2020-04-13 23:08:26.313628',0,'Drak','','','',0,1,'2020-03-10 00:13:21.767222'),(27,'password_removed',NULL,0,'Lady','','','',0,1,'2020-03-10 00:13:47.080612'),(32,'password_removed','2020-07-16 10:48:13.000000',0,'keo_vlogs','Kaylee','And Cliff','kayleesheldon10@gmail.com',0,1,'2020-07-16 10:48:00.000000'),(33,'password_removed',NULL,0,'rfinnell','','','',0,1,'2020-08-11 16:24:10.996222');
/*!40000 ALTER TABLE `auth_user` ENABLE KEYS */;
UNLOCK TABLES;

--
-- Table structure for table `auth_user_groups`
--

DROP TABLE IF EXISTS `auth_user_groups`;
/*!40101 SET @saved_cs_client     = @@character_set_client */;
/*!40101 SET character_set_client = utf8 */;
CREATE TABLE `auth_user_groups` (
  `id` int(11) NOT NULL AUTO_INCREMENT,
  `user_id` int(11) NOT NULL,
  `group_id` int(11) NOT NULL,
  PRIMARY KEY (`id`),
  UNIQUE KEY `auth_user_groups_user_id_group_id_94350c0c_uniq` (`user_id`,`group_id`),
  KEY `auth_user_groups_group_id_97559544_fk_auth_group_id` (`group_id`),
  CONSTRAINT `auth_user_groups_group_id_97559544_fk_auth_group_id` FOREIGN KEY (`group_id`) REFERENCES `auth_group` (`id`),
  CONSTRAINT `auth_user_groups_user_id_6a12ed8b_fk_auth_user_id` FOREIGN KEY (`user_id`) REFERENCES `auth_user` (`id`)
) ENGINE=InnoDB AUTO_INCREMENT=6 DEFAULT CHARSET=latin1;
/*!40101 SET character_set_client = @saved_cs_client */;

--
-- Dumping data for table `auth_user_groups`
--

LOCK TABLES `auth_user_groups` WRITE;
/*!40000 ALTER TABLE `auth_user_groups` DISABLE KEYS */;
INSERT INTO `auth_user_groups` VALUES (1,1,1);
/*!40000 ALTER TABLE `auth_user_groups` ENABLE KEYS */;
UNLOCK TABLES;

--
-- Table structure for table `auth_user_user_permissions`
--

DROP TABLE IF EXISTS `auth_user_user_permissions`;
/*!40101 SET @saved_cs_client     = @@character_set_client */;
/*!40101 SET character_set_client = utf8 */;
CREATE TABLE `auth_user_user_permissions` (
  `id` int(11) NOT NULL AUTO_INCREMENT,
  `user_id` int(11) NOT NULL,
  `permission_id` int(11) NOT NULL,
  PRIMARY KEY (`id`),
  UNIQUE KEY `auth_user_user_permissions_user_id_permission_id_14a6b632_uniq` (`user_id`,`permission_id`),
  KEY `auth_user_user_permi_permission_id_1fbb5f2c_fk_auth_perm` (`permission_id`),
  CONSTRAINT `auth_user_user_permissions_user_id_a95ead1b_fk_auth_user_id` FOREIGN KEY (`user_id`) REFERENCES `auth_user` (`id`),
  CONSTRAINT `auth_user_user_permi_permission_id_1fbb5f2c_fk_auth_perm` FOREIGN KEY (`permission_id`) REFERENCES `auth_permission` (`id`)
) ENGINE=InnoDB DEFAULT CHARSET=latin1;
/*!40101 SET character_set_client = @saved_cs_client */;

--
-- Dumping data for table `auth_user_user_permissions`
--

LOCK TABLES `auth_user_user_permissions` WRITE;
/*!40000 ALTER TABLE `auth_user_user_permissions` DISABLE KEYS */;
/*!40000 ALTER TABLE `auth_user_user_permissions` ENABLE KEYS */;
UNLOCK TABLES;

--
-- Table structure for table `django_admin_log`
--

DROP TABLE IF EXISTS `django_admin_log`;
/*!40101 SET @saved_cs_client     = @@character_set_client */;
/*!40101 SET character_set_client = utf8 */;
CREATE TABLE `django_admin_log` (
  `id` int(11) NOT NULL AUTO_INCREMENT,
  `action_time` datetime(6) NOT NULL,
  `object_id` longtext,
  `object_repr` varchar(200) NOT NULL,
  `action_flag` smallint(5) unsigned NOT NULL,
  `change_message` longtext NOT NULL,
  `content_type_id` int(11) DEFAULT NULL,
  `user_id` int(11) NOT NULL,
  PRIMARY KEY (`id`),
  KEY `django_admin_log_content_type_id_c4bce8eb_fk_django_co` (`content_type_id`),
  KEY `django_admin_log_user_id_c564eba6_fk_auth_user_id` (`user_id`),
  CONSTRAINT `django_admin_log_content_type_id_c4bce8eb_fk_django_co` FOREIGN KEY (`content_type_id`) REFERENCES `django_content_type` (`id`),
  CONSTRAINT `django_admin_log_user_id_c564eba6_fk_auth_user_id` FOREIGN KEY (`user_id`) REFERENCES `auth_user` (`id`)
) ENGINE=InnoDB AUTO_INCREMENT=995 DEFAULT CHARSET=latin1;
/*!40101 SET character_set_client = @saved_cs_client */;

--
-- Dumping data for table `django_admin_log`
--

LOCK TABLES `django_admin_log` WRITE;
/*!40000 ALTER TABLE `django_admin_log` DISABLE KEYS */;
INSERT INTO `django_admin_log` VALUES (2,'2020-01-08 23:29:01.239422','2','sven2',3,'',4,1),(3,'2020-01-08 23:29:21.341329','1','sven',2,'[{\"changed\": {\"fields\": [\"First name\", \"Last name\"]}}]',4,1),(4,'2020-01-08 23:30:11.572927','1','IMR 4350',1,'[{\"added\": {}}]',7,1),(5,'2020-01-08 23:30:23.238396','2','IMR 4064',1,'[{\"added\": {}}]',7,1),(6,'2020-01-08 23:30:34.297899','3','Benchmark',1,'[{\"added\": {}}]',7,1),(7,'2020-01-08 23:30:51.377131','4','IMR 3031',1,'[{\"added\": {}}]',7,1),(8,'2020-01-08 23:31:02.432045','5','Lil Gun',1,'[{\"added\": {}}]',7,1),(9,'2020-01-08 23:31:11.742213','6','HS-6',1,'[{\"added\": {}}]',7,1),(10,'2020-01-08 23:31:21.272684','7','Trail Boss',1,'[{\"added\": {}}]',7,1),(11,'2020-01-08 23:31:38.073369','8','Alliant 2400',1,'[{\"added\": {}}]',7,1),(12,'2020-01-08 23:31:46.545403','9','H-110',1,'[{\"added\": {}}]',7,1),(13,'2020-01-08 23:32:00.604903','10','Bullseye',1,'[{\"added\": {}}]',7,1),(14,'2020-01-08 23:33:09.189861','1','50 Barnes Varmint Grenade',1,'[{\"added\": {}}]',8,1),(15,'2020-01-08 23:33:34.644190','2','50 Hornady SPSX',1,'[{\"added\": {}}]',8,1),(16,'2020-01-08 23:33:56.830180','3','52 Sierra Matchking HPBT',1,'[{\"added\": {}}]',8,1),(17,'2020-01-08 23:34:21.286751','4','55 Nosler Ballistic Tip: Varmint',1,'[{\"added\": {}}]',8,1),(18,'2020-01-08 23:34:38.848395','5','60 Nosler Ballistic Tip: Varmint',1,'[{\"added\": {}}]',8,1),(19,'2020-01-08 23:35:01.675763','6','69 Sierra Matchking HPBT',1,'[{\"added\": {}}]',8,1),(20,'2020-01-08 23:35:18.848213','7','75 Hornady Match',1,'[{\"added\": {}}]',8,1),(21,'2020-01-08 23:35:44.317783','8','110 Unknown Factory Second',1,'[{\"added\": {}}]',8,1),(22,'2020-01-08 23:36:02.317109','9','115 Speer Gold Dot',1,'[{\"added\": {}}]',8,1),(23,'2020-01-08 23:36:44.500646','10','125 Unknown Factory Second',1,'[{\"added\": {}}]',8,1),(24,'2020-01-08 23:37:03.468370','11','150 Speer Hot Core',1,'[{\"added\": {}}]',8,1),(25,'2020-01-08 23:37:32.362477','12','155 Hornady A-Max',1,'[{\"added\": {}}]',8,1),(26,'2020-01-08 23:38:20.168453','13','158 Lee Mold Powder Coated',1,'[{\"added\": {}}]',8,1),(27,'2020-01-08 23:38:47.327239','14','168 Hornady A-Max',1,'[{\"added\": {}}]',8,1),(28,'2020-01-08 23:39:05.973375','15','200 Unknown Factory Second',1,'[{\"added\": {}}]',8,1),(29,'2020-01-08 23:39:21.589457','16','220 Hornady ELD-X',1,'[{\"added\": {}}]',8,1),(30,'2020-01-08 23:41:28.025118','1','[PK: 1] 300 Win Mag (220.0gr Hornady ELD-X {2670 [64.1gr of IMR 4350]})',1,'[{\"added\": {}}]',9,1),(31,'2020-01-08 23:42:09.149235','2','[PK: 2] 8mm Mauser (200.0gr Unknown Factory Second {2540 [46gr of IMR 4064]})',1,'[{\"added\": {}}]',9,1),(32,'2020-01-08 23:42:50.374292','3','[PK: 3] 308 Win (168.0gr Hornady A-Max {2242 [42gr of IMR 4064]})',1,'[{\"added\": {}}]',9,1),(33,'2020-01-08 23:43:34.628977','4','[PK: 4] 22-250 Win (69.0gr Sierra Matchking HPBT {3365 [35gr of IMR 4064]})',1,'[{\"added\": {}}]',9,1),(34,'2020-01-08 23:44:07.772208','5','[PK: 5] 22-250 Win (52.0gr Sierra Matchking HPBT {3647 [34gr of Benchmark]})',1,'[{\"added\": {}}]',9,1),(35,'2020-01-08 23:44:53.568940','6','[PK: 6] 22-250 Win (69.0gr Sierra Matchking HPBT {3068 [39gr of IMR 4350]})',1,'[{\"added\": {}}]',9,1),(36,'2020-01-08 23:45:36.082301','7','[PK: 7] 22-250 Win (55.0gr Nosler Ballistic Tip: Varmint {3358 [39gr of IMR 4350]})',1,'[{\"added\": {}}]',9,1),(37,'2020-01-08 23:46:17.191355','8','[PK: 8] 22-250 Win (52.0gr Sierra Matchking HPBT {3358 [25gr of IMR 3031]})',1,'[{\"added\": {}}]',9,1),(38,'2020-01-08 23:47:01.818060','9','[PK: 9] 300 Blackout (155.0gr Hornady A-Max {1900 [15.8gr of Lil Gun]})',1,'[{\"added\": {}}]',9,1),(39,'2020-01-08 23:48:01.974066','10','[PK: 10] 223 Wylde (55.0gr Nosler Ballistic Tip: Varmint {2550 [22gr of IMR 3031]})',1,'[{\"added\": {}}]',9,1),(40,'2020-01-08 23:48:40.988210','11','[PK: 11] 9×19mm Parabellum (115.0gr Speer Gold Dot {1200 [6.4gr of HS-6]})',1,'[{\"added\": {}}]',9,1),(41,'2020-01-08 23:49:19.321445','12','[PK: 12] 357 Magnum (158.0gr Lee Mold Powder Coated {700 [4gr of Trail Boss]})',1,'[{\"added\": {}}]',9,1),(42,'2020-01-08 23:50:26.739165','13','[PK: 13] 8mm Mauser (150.0gr Speer Hot Core {2928 [46gr of IMR 3031]})',1,'[{\"added\": {}}]',9,1),(43,'2020-01-08 23:51:05.790141','14','[PK: 14] 8mm Mauser (200.0gr Unknown Factory Second {2462 [42gr of IMR 4064]})',1,'[{\"added\": {}}]',9,1),(44,'2020-01-08 23:51:52.303181','15','[PK: 15] 22-250 Win (60.0gr Nosler Ballistic Tip: Varmint {3438 [40gr of HS-6]})',1,'[{\"added\": {}}]',9,1),(45,'2020-01-08 23:52:27.205913','16','[PK: 16] 22-250 Win (50.0gr Hornady SPSX {1200 [34gr of Benchmark]})',1,'[{\"added\": {}}]',9,1),(46,'2020-01-08 23:53:22.048145','17','[PK: 17] 30 Carbine (110.0gr Unknown Factory Second {2100 [15gr of H-110]})',1,'[{\"added\": {}}]',9,1),(47,'2020-01-08 23:53:52.263462','18','[PK: 18] 223 Wylde (50.0gr Barnes Varmint Grenade {2910 [23gr of IMR 4064]})',1,'[{\"added\": {}}]',9,1),(48,'2020-01-08 23:54:29.183615','19','[PK: 19] 357 Magnum (158.0gr Lee Mold Powder Coated {1200 [14gr of Alliant 2400]})',1,'[{\"added\": {}}]',9,1),(49,'2020-01-08 23:55:11.222571','20','[PK: 20] 38 Special (125.0gr Unknown Factory Second {1000 [5gr of Bullseye]})',1,'[{\"added\": {}}]',9,1),(50,'2020-01-08 23:56:04.571696','21','[PK: 21] 223 Wylde (52.0gr Sierra Matchking HPBT {0 [24.3gr of IMR 3031]})',1,'[{\"added\": {}}]',9,1),(51,'2020-01-09 00:00:09.652953','13','[PK: 13] 8mm Mauser (150.0gr Speer Hot Core {2928 [46.0gr of IMR 3031]})',2,'[{\"changed\": {\"fields\": [\"Is Shamus OCW\", \"Is Sheriff Load\"]}}]',9,1),(52,'2020-01-09 00:01:30.085536','16','[PK: 16] 22-250 Win (50.0gr Hornady SPSX {3750 [34.0gr of Benchmark]})',2,'[{\"changed\": {\"fields\": [\"Velocity\"]}}]',9,1),(53,'2020-01-09 00:03:09.841942','21','[PK: 21] 223 Wylde (52.0gr Sierra Matchking HPBT {3260 [24.3gr of IMR 3031]})',2,'[{\"changed\": {\"fields\": [\"Velocity\"]}}]',9,1),(54,'2020-01-09 00:03:54.559215','12','[PK: 12] 357 Magnum (158.0gr Lee Mold Powder Coated {700 [4.0gr of Trail Boss]})',2,'[{\"changed\": {\"fields\": [\"Is Shamus OCW\"]}}]',9,1),(56,'2020-01-10 20:42:56.058605','1','[PK: 1] 300 Win Mag (220.0gr Hornady ELD-X {2670 [64.1gr of IMR 4350]})',1,'[{\"added\": {}}]',10,1),(57,'2020-01-10 20:46:47.113728','1','[PK: 1] 300 Win Mag (220.0gr Hornady ELD-X {2670 [64.1gr of IMR 4350]})',2,'[{\"changed\": {\"fields\": [\"Moa 150\", \"Moa 200\", \"Moa 250\", \"Moa 300\", \"Moa 350\", \"Moa 400\", \"Moa 450\", \"Moa 500\", \"Moa 550\", \"Moa 600\"]}}]',10,1),(58,'2020-01-10 20:55:33.629106','1','[PK: 1] 300 Win Mag (220.0gr Hornady ELD-X {2670 [64.1gr of IMR 4350]})',2,'[{\"changed\": {\"fields\": [\"Moa 125\", \"Moa 175\", \"Moa 225\", \"Moa 275\", \"Moa 325\", \"Moa 375\", \"Moa 425\", \"Moa 475\", \"Moa 525\", \"Moa 575\", \"Moa 600\", \"Moa 625\", \"Moa 650\", \"Moa 675\", \"Moa 700\", \"Moa 725\", \"Moa 750\", \"Moa 775\", \"Moa 800\", \"Moa 825\", \"Moa 850\", \"Moa 875\", \"Moa 900\", \"Moa 925\", \"Moa 950\", \"Moa 975\", \"Moa 1000\", \"Moa 1025\", \"Moa 1050\", \"Moa 1075\"]}}]',10,1),(59,'2020-01-10 21:03:27.864209','2','[PK: 2] 8mm Mauser (200.0gr Unknown Factory Second {2540 [46.0gr of IMR 4064]})',1,'[{\"added\": {}}]',10,1),(60,'2020-01-10 21:05:18.752084','3','[PK: 3] 308 Win (168.0gr Hornady A-Max {2242 [42.0gr of IMR 4064]})',2,'[{\"changed\": {\"fields\": [\"Is Shamus OCW\", \"Is Sheriff Load\"]}}]',9,1),(61,'2020-01-10 21:10:04.976449','3','[PK: 4] 22-250 Win (69.0gr Sierra Matchking HPBT {3365 [35.0gr of IMR 4064]})',1,'[{\"added\": {}}]',10,1),(62,'2020-01-10 21:11:18.483936','6','[PK: 6] 22-250 Win (69.0gr Sierra Matchking HPBT {3068 [39.0gr of IMR 4350]})',2,'[{\"changed\": {\"fields\": [\"Is Sven OCW\", \"Is Sheriff Load\"]}}]',9,1),(63,'2020-01-10 21:12:29.550610','6','[PK: 6] 22-250 Win (69.0gr Sierra Matchking HPBT {3068 [39.0gr of IMR 4350]})',2,'[{\"changed\": {\"fields\": [\"Is Sven OCW\"]}}]',9,1),(64,'2020-01-10 21:12:45.637314','3','[PK: 3] 308 Win (168.0gr Hornady A-Max {2242 [42.0gr of IMR 4064]})',2,'[{\"changed\": {\"fields\": [\"Is Shamus OCW\"]}}]',9,1),(65,'2020-01-10 21:13:18.774967','8','[PK: 8] 22-250 Win (52.0gr Sierra Matchking HPBT {3358 [25.0gr of IMR 3031]})',2,'[{\"changed\": {\"fields\": [\"Is Sheriff Load\"]}}]',9,1),(66,'2020-01-10 21:13:35.360847','9','[PK: 9] 300 Blackout (155.0gr Hornady A-Max {1900 [15.8gr of Lil Gun]})',2,'[{\"changed\": {\"fields\": [\"Is Sheriff Load\"]}}]',9,1),(67,'2020-01-10 21:19:52.296554','4','[PK: 5] 22-250 Win (52.0gr Sierra Matchking HPBT {3647 [34.0gr of Benchmark]})',1,'[{\"added\": {}}]',10,1),(68,'2020-01-10 21:29:33.908340','5','[PK: 7] 22-250 Win (55.0gr Nosler Ballistic Tip: Varmint {3358 [39.0gr of IMR 4350]})',1,'[{\"added\": {}}]',10,1),(69,'2020-01-10 21:35:42.740582','6','[PK: 21] 223 Wylde (52.0gr Sierra Matchking HPBT {3260 [24.3gr of IMR 3031]})',1,'[{\"added\": {}}]',10,1),(70,'2020-01-10 21:39:29.020469','11','[PK: 11] 9×19mm Parabellum (115.0gr Speer Gold Dot {1200 [6.4gr of HS-6]})',2,'[{\"changed\": {\"fields\": [\"Is Sheriff Load\"]}}]',9,1),(71,'2020-01-10 21:39:46.928974','12','[PK: 12] 357 Magnum (158.0gr Lee Mold Powder Coated {700 [4.0gr of Trail Boss]})',2,'[{\"changed\": {\"fields\": [\"Is Sheriff Load\"]}}]',9,1),(72,'2020-01-10 21:41:41.480977','3','[PK: 3] 308 Win (168.0gr Hornady A-Max {2242 [42.0gr of IMR 4064]})',2,'[{\"changed\": {\"fields\": [\"Is Sheriff Load\"]}}]',9,1),(73,'2020-01-10 21:45:54.006525','7','[PK: 3] 308 Win (168.0gr Hornady A-Max {2242 [42.0gr of IMR 4064]})',1,'[{\"added\": {}}]',10,1),(74,'2020-01-10 21:47:23.797665','9','[PK: 9] 300 Blackout (155.0gr Hornady A-Max {1900 [15.8gr of Lil Gun]})',2,'[{\"changed\": {\"fields\": [\"Is Sheriff Load\"]}}]',9,1),(75,'2020-01-10 21:49:05.397996','9','[PK: 9] 300 Blackout (155.0gr Hornady A-Max {1900 [15.8gr of Lil Gun]})',2,'[{\"changed\": {\"fields\": [\"Is Sheriff Load\"]}}]',9,1),(76,'2020-01-13 21:17:32.488564','4','[PK: 4] 22-250 Win (69.0gr Sierra Matchking HPBT {3365 [35.0gr of IMR 4064]})',2,'[{\"changed\": {\"fields\": [\"Barrel Length\"]}}]',9,1),(77,'2020-01-13 21:17:38.173274','6','[PK: 6] 22-250 Win (69.0gr Sierra Matchking HPBT {3068 [39.0gr of IMR 4350]})',2,'[{\"changed\": {\"fields\": [\"Barrel Length\"]}}]',9,1),(78,'2020-01-13 21:17:43.573204','15','[PK: 15] 22-250 Win (60.0gr Nosler Ballistic Tip: Varmint {3438 [40.0gr of HS-6]})',2,'[{\"changed\": {\"fields\": [\"Barrel Length\"]}}]',9,1),(79,'2020-01-13 21:17:48.578098','7','[PK: 7] 22-250 Win (55.0gr Nosler Ballistic Tip: Varmint {3358 [39.0gr of IMR 4350]})',2,'[{\"changed\": {\"fields\": [\"Barrel Length\"]}}]',9,1),(80,'2020-01-13 21:17:53.026759','7','[PK: 7] 22-250 Win (55.0gr Nosler Ballistic Tip: Varmint {3358 [39.0gr of IMR 4350]})',2,'[]',9,1),(81,'2020-01-13 21:17:58.552588','5','[PK: 5] 22-250 Win (52.0gr Sierra Matchking HPBT {3647 [34.0gr of Benchmark]})',2,'[{\"changed\": {\"fields\": [\"Barrel Length\"]}}]',9,1),(82,'2020-01-13 21:18:03.338930','8','[PK: 8] 22-250 Win (52.0gr Sierra Matchking HPBT {3358 [25.0gr of IMR 3031]})',2,'[{\"changed\": {\"fields\": [\"Barrel Length\"]}}]',9,1),(83,'2020-01-13 21:18:08.967263','16','[PK: 16] 22-250 Win (50.0gr Hornady SPSX {3750 [34.0gr of Benchmark]})',2,'[{\"changed\": {\"fields\": [\"Barrel Length\"]}}]',9,1),(84,'2020-01-13 21:18:23.414282','10','[PK: 10] 223 Wylde (55.0gr Nosler Ballistic Tip: Varmint {2550 [22.0gr of IMR 3031]})',2,'[{\"changed\": {\"fields\": [\"Barrel Length\"]}}]',9,1),(85,'2020-01-13 21:18:31.345348','21','[PK: 21] 223 Wylde (52.0gr Sierra Matchking HPBT {3260 [24.3gr of IMR 3031]})',2,'[]',9,1),(86,'2020-01-13 21:18:36.812093','18','[PK: 18] 223 Wylde (50.0gr Barnes Varmint Grenade {2910 [23.0gr of IMR 4064]})',2,'[]',9,1),(87,'2020-01-13 21:18:54.423566','17','[PK: 17] 30 Carbine (110.0gr Unknown Factory Second {2100 [15.0gr of H-110]})',2,'[]',9,1),(88,'2020-01-13 21:19:07.993862','9','[PK: 9] 300 Blackout (155.0gr Hornady A-Max {1900 [15.8gr of Lil Gun]})',2,'[{\"changed\": {\"fields\": [\"Barrel Length\"]}}]',9,1),(89,'2020-01-13 21:19:42.141227','3','[PK: 3] 308 Win (168.0gr Hornady A-Max {2242 [42.0gr of IMR 4064]})',2,'[{\"changed\": {\"fields\": [\"Barrel Length\"]}}]',9,1),(90,'2020-01-13 21:20:06.598939','2','[PK: 2] 8mm Mauser (200.0gr Unknown Factory Second {2540 [46.0gr of IMR 4064]})',2,'[{\"changed\": {\"fields\": [\"Barrel Length\"]}}]',9,1),(91,'2020-01-13 21:20:15.774819','14','[PK: 14] 8mm Mauser (200.0gr Unknown Factory Second {2462 [42.0gr of IMR 4064]})',2,'[{\"changed\": {\"fields\": [\"Barrel Length\"]}}]',9,1),(92,'2020-01-13 21:20:23.284504','13','[PK: 13] 8mm Mauser (150.0gr Speer Hot Core {2928 [46.0gr of IMR 3031]})',2,'[{\"changed\": {\"fields\": [\"Barrel Length\"]}}]',9,1),(93,'2020-01-13 21:20:50.626085','11','[PK: 11] 9×19mm Parabellum (115.0gr Speer Gold Dot {1200 [6.4gr of HS-6]})',2,'[{\"changed\": {\"fields\": [\"Barrel Length\"]}}]',9,1),(94,'2020-01-14 21:27:34.821128','1','2020-02-01 ToolAA None',1,'[{\"added\": {}}]',11,1),(95,'2020-01-14 21:28:20.649440','2','2020-02-01 SquareGrouper None',1,'[{\"added\": {}}]',11,1),(96,'2020-01-14 21:28:43.460803','3','2020-03-21 RickInBoots None',1,'[{\"added\": {}}]',11,1),(97,'2020-01-14 21:29:13.168145','4','2020-02-15 BigCity None',1,'[{\"added\": {}}]',11,1),(98,'2020-01-14 21:29:28.274394','5','2020-02-22 rpker None',1,'[{\"added\": {}}]',11,1),(99,'2020-01-14 21:29:47.194585','6','2020-03-07 Sundazes None',1,'[{\"added\": {}}]',11,1),(100,'2020-01-14 21:30:05.235013','7','2020-03-14 hammer None',1,'[{\"added\": {}}]',11,1),(101,'2020-01-14 21:30:23.346098','8','2020-01-14 rbird7282 None',1,'[{\"added\": {}}]',11,1),(102,'2020-01-14 21:30:47.529047','9','2020-04-04 hillbilly grandpa None',1,'[{\"added\": {}}]',11,1),(103,'2020-01-14 21:31:09.064669','10','2020-05-09 JohnnyE None',1,'[{\"added\": {}}]',11,1),(104,'2020-01-14 21:31:29.672483','8','2020-04-04 rbird7282 None',2,'[{\"changed\": {\"fields\": [\"Invite Date\"]}}]',11,1),(105,'2020-01-14 21:38:25.595602','11','2020-03-14 Balzer94 None',1,'[{\"added\": {}}]',11,1),(106,'2020-01-14 21:38:45.961552','9','2020-04-04 hillbilly grandpa None',2,'[{\"changed\": {\"fields\": [\"Invite Secondary\"]}}]',11,1),(107,'2020-01-14 22:00:28.738905','12','2020-02-08 SLOT AVAILABLE (Secondary: False) None',1,'[{\"added\": {}}]',11,1),(108,'2020-01-14 22:00:41.033216','13','2020-02-08 SLOT AVAILABLE (Secondary: False) None',1,'[{\"added\": {}}]',11,1),(109,'2020-01-14 22:01:11.515804','5','2020-02-22 rpker (Secondary: False) None',2,'[{\"changed\": {\"fields\": [\"Invite PM\"]}}]',11,1),(110,'2020-01-14 22:01:18.503342','6','2020-03-07 Sundazes (Secondary: False) None',2,'[{\"changed\": {\"fields\": [\"Invite PM\"]}}]',11,1),(111,'2020-01-14 22:01:24.587894','7','2020-03-14 hammer (Secondary: False) None',2,'[{\"changed\": {\"fields\": [\"Invite PM\"]}}]',11,1),(112,'2020-01-14 22:01:30.919892','11','2020-03-14 Balzer94 (Secondary: True) None',2,'[{\"changed\": {\"fields\": [\"Invite PM\"]}}]',11,1),(113,'2020-01-14 22:01:40.313741','8','2020-04-04 rbird7282 (Secondary: False) None',2,'[{\"changed\": {\"fields\": [\"Invite PM\"]}}]',11,1),(114,'2020-01-14 22:01:48.259289','9','2020-04-04 hillbilly grandpa (Secondary: True) None',2,'[{\"changed\": {\"fields\": [\"Invite PM\"]}}]',11,1),(115,'2020-01-14 22:01:56.554598','10','2020-05-09 JohnnyE (Secondary: False) None',2,'[{\"changed\": {\"fields\": [\"Invite PM\"]}}]',11,1),(116,'2020-01-14 22:02:27.399643','11','2020-03-14 Balzer94 (Secondary: False) None',2,'[{\"changed\": {\"fields\": [\"Invite AM\", \"Invite PM\", \"Invite Secondary\"]}}]',11,1),(117,'2020-01-14 22:02:48.360537','9','2020-04-04 hillbilly grandpa (Secondary: False) None',2,'[{\"changed\": {\"fields\": [\"Invite AM\", \"Invite PM\", \"Invite Secondary\"]}}]',11,1),(118,'2020-01-14 22:03:20.694463','14','2020-02-29 SLOT AVAILABLE (Secondary: False) None',1,'[{\"added\": {}}]',11,1),(119,'2020-01-14 22:03:33.531552','15','2020-02-29 SLOT AVAILABLE (Secondary: False) None',1,'[{\"added\": {}}]',11,1),(120,'2020-01-14 22:06:33.005950','16','2020-03-28 SLOT AVAILABLE (Secondary: False) None',1,'[{\"added\": {}}]',11,1),(121,'2020-01-14 22:06:40.997917','17','2020-03-28 SLOT AVAILABLE (Secondary: False) None',1,'[{\"added\": {}}]',11,1),(122,'2020-01-14 22:06:53.514264','18','2020-04-11 SLOT AVAILABLE (Secondary: False) None',1,'[{\"added\": {}}]',11,1),(123,'2020-01-14 22:07:01.222715','19','2020-04-11 SLOT AVAILABLE (Secondary: False) None',1,'[{\"added\": {}}]',11,1),(124,'2020-01-14 22:07:13.541564','20','2020-04-18 SLOT AVAILABLE (Secondary: False) None',1,'[{\"added\": {}}]',11,1),(125,'2020-01-14 22:07:22.011961','21','2020-04-18 SLOT AVAILABLE (Secondary: False) None',1,'[{\"added\": {}}]',11,1),(126,'2020-01-14 22:07:45.755114','22','2020-05-02 SLOT AVAILABLE (Secondary: False) None',1,'[{\"added\": {}}]',11,1),(127,'2020-01-14 22:07:54.869998','23','2020-05-02 SLOT AVAILABLE (Secondary: False) None',1,'[{\"added\": {}}]',11,1),(128,'2020-01-14 22:25:53.367965','12','2020-02-08 Magnumst (Secondary: False) None',2,'[{\"changed\": {\"fields\": [\"MDShooters Name\"]}}]',11,1),(129,'2020-01-14 22:26:35.984149','13','2020-02-08 MacM (Secondary: False) None',2,'[{\"changed\": {\"fields\": [\"MDShooters Name\", \"EMail\"]}}]',11,1),(130,'2020-01-14 22:49:52.551226','3','2020-03-21 RickInBoots (Secondary: False) 719-235-8977',2,'[{\"changed\": {\"fields\": [\"Real Name\", \"Phone Number\"]}}]',11,1),(131,'2020-01-15 00:53:38.102736','13','2020-02-08 MacM (Secondary: False) None',2,'[]',11,1),(132,'2020-01-15 00:54:51.575126','24','2020-02-08 MacMoov (Secondary: True) 301-253-2147',1,'[{\"added\": {}}]',11,1),(133,'2020-01-15 20:19:23.313420','11','2020-03-14 Clif (Secondary: False) None',2,'[{\"changed\": {\"fields\": [\"MDShooters Name\"]}}]',11,1),(134,'2020-01-15 20:20:34.182855','25','2020-03-21 Balzer94 (Secondary: False) None',1,'[{\"added\": {}}]',11,1),(135,'2020-01-15 22:54:44.328970','14','2020-02-29 Dremort (Secondary: False) None',2,'[{\"changed\": {\"fields\": [\"MDShooters Name\"]}}]',11,1),(136,'2020-01-15 23:08:32.341878','26','2020-01-01 Testing Old Event Listing (Secondary: False) None',1,'[{\"added\": {}}]',11,1),(137,'2020-01-15 23:11:43.527476','27','2020-07-04 Tannerite Fun In The Sun (Secondary: False) None',1,'[{\"added\": {}}]',11,1),(138,'2020-01-15 23:57:29.819070','22','[PK: 22] 223 Wylde (60.0gr Nosler Ballistic Tip: Varmint {3046 [22.5gr of Benchmark]})',1,'[{\"added\": {}}]',9,1),(139,'2020-01-16 00:38:45.280139','28','2020-05-09 SLOT AVAILABLE (Secondary: False) None',1,'[{\"added\": {}}]',11,1),(140,'2020-01-16 00:39:26.006694','29','2020-02-15 SLOT AVAILABLE (Secondary: False) None',1,'[{\"added\": {}}]',11,1),(141,'2020-01-16 00:39:42.445764','30','2020-02-22 SLOT AVAILABLE (Secondary: False) None',1,'[{\"added\": {}}]',11,1),(142,'2020-01-16 00:40:03.323480','31','2020-03-07 SLOT AVAILABLE (Secondary: False) None',1,'[{\"added\": {}}]',11,1),(143,'2020-01-16 01:05:14.863644','25','2020-04-11 Balzer94 (Secondary: False) 240-446-2343',2,'[{\"changed\": {\"fields\": [\"Invite Date\", \"Invite AM\", \"Invite PM\", \"Real Name\", \"Phone Number\", \"EMail\"]}}]',11,1),(144,'2020-01-16 01:40:25.194520','32','2020-03-28 Swaim13 (Secondary: False) None',1,'[{\"added\": {}}]',11,1),(145,'2020-01-16 01:41:02.179968','16','2020-03-28 SLOT AVAILABLE (Secondary: False) None',3,'',11,1),(146,'2020-01-16 01:42:07.213734','19','2020-04-11 mat (Secondary: False) 443-635-6373',2,'[{\"changed\": {\"fields\": [\"MDShooters Name\", \"Real Name\", \"Phone Number\", \"EMail\"]}}]',11,1),(147,'2020-01-16 01:49:46.447092','17','2020-03-28 Thorsey (Secondary: False) None',2,'[{\"changed\": {\"fields\": [\"MDShooters Name\"]}}]',11,1),(148,'2020-01-16 02:04:38.121099','18','2020-04-11 SLOT AVAILABLE (Secondary: False) None',3,'',11,1),(149,'2020-01-16 12:13:59.885564','32','2020-03-28 Swaim13 (Secondary: False) 240-678-5752',2,'[{\"changed\": {\"fields\": [\"Phone Number\"]}}]',11,1),(150,'2020-01-16 14:19:07.691225','33','2020-03-21 SLOT AVAILABLE (Secondary: False) None',1,'[{\"added\": {}}]',11,1),(151,'2020-01-16 15:19:17.956479','29','2020-02-15 Kimberly (Secondary: False) None',2,'[{\"changed\": {\"fields\": [\"MDShooters Name\", \"Real Name\"]}}]',11,1),(152,'2020-01-16 17:22:57.404885','29','2020-02-15 Kimberly (Secondary: False) 202-391-1198',2,'[{\"changed\": {\"fields\": [\"Phone Number\", \"EMail\"]}}]',11,1),(153,'2020-01-16 19:00:51.098300','1','farminvite_editor',1,'[{\"added\": {}}]',3,1),(154,'2020-01-16 19:04:20.396806','1','sven',2,'[{\"changed\": {\"fields\": [\"Groups\"]}}]',4,1),(155,'2020-01-16 22:07:48.491250','2','2020-02-01 SquareGrouper (Secondary: False) 410-218-3182',2,'[{\"changed\": {\"fields\": [\"Real Name\", \"Phone Number\", \"EMail\"]}}]',11,1),(156,'2020-01-17 00:45:16.837396','10','2020-05-09 JohnnyE (Secondary: False) 202-285-0949',2,'[{\"changed\": {\"fields\": [\"Phone Number\", \"EMail\"]}}]',11,1),(157,'2020-01-17 10:26:21.021602','9','2020-04-04 hillbilly grandpa (Secondary: False) 443-668-0668',2,'[{\"changed\": {\"fields\": [\"Real Name\", \"Phone Number\", \"EMail\"]}}]',11,1),(158,'2020-01-17 10:27:49.638751','8','2020-04-04 rbird7282 (Secondary: False) 301-785-8927',2,'[{\"changed\": {\"fields\": [\"Phone Number\", \"EMail\"]}}]',11,1),(159,'2020-01-17 10:30:59.172786','34','2020-02-15 bbradshaw21 (Secondary: True) 410-236-0767',1,'[{\"added\": {}}]',11,1),(160,'2020-01-17 20:13:58.199439','1','2020-02-01 ToolAA (Secondary: False) 443-537-5276',2,'[{\"changed\": {\"fields\": [\"Real Name\", \"Phone Number\", \"EMail\"]}}]',11,1),(161,'2020-01-17 20:15:16.622557','4','2020-02-15 BigCity (Secondary: False) 443-974-0206',2,'[{\"changed\": {\"fields\": [\"Real Name\", \"Phone Number\", \"EMail\"]}}]',11,1),(162,'2020-01-17 20:18:51.181655','5','2020-02-22 rpker (Secondary: False) 301-659-3666',2,'[{\"changed\": {\"fields\": [\"Real Name\", \"Phone Number\", \"EMail\"]}}]',11,1),(163,'2020-01-18 01:33:40.336473','1','2020-02-01 ToolAA (Secondary: False) 443-537-5276 [Show Listing = False]',2,'[{\"changed\": {\"fields\": [\"Show Listing\"]}}]',11,1),(164,'2020-01-18 01:33:52.418765','1','2020-02-01 ToolAA (Secondary: False) 443-537-5276 [Show Listing = True]',2,'[{\"changed\": {\"fields\": [\"Show Listing\"]}}]',11,1),(165,'2020-01-18 13:31:59.187462','30','2020-02-22 Pinecone (Secondary: False) None [Show Listing = True]',2,'[{\"changed\": {\"fields\": [\"MDShooters Name\"]}}]',11,1),(166,'2020-01-18 15:01:52.576202','30','2020-02-22 Pinecone (Secondary: False) 443-255-4196 [Show Listing = True]',2,'[{\"changed\": {\"fields\": [\"Real Name\", \"Phone Number\"]}}]',11,1),(167,'2020-01-18 18:22:21.632765','35','2020-02-01 SLOT AVAILABLE (Secondary: True) None [Show Listing = True]',1,'[{\"added\": {}}]',11,1),(168,'2020-01-18 18:22:39.137323','36','2020-01-18 SLOT AVAILABLE (Secondary: True) None [Show Listing = True]',1,'[{\"added\": {}}]',11,1),(169,'2020-01-18 18:23:01.612675','36','2020-01-18 SLOT AVAILABLE (Secondary: True) None [Show Listing = True]',3,'',11,1),(170,'2020-01-18 18:23:20.272658','37','2020-02-01 None (Secondary: True) None [Show Listing = True]',1,'[{\"added\": {}}]',11,1),(171,'2020-01-18 18:23:31.532446','37','2020-02-01 SLOT AVAILABLE (Secondary: True) None [Show Listing = True]',2,'[{\"changed\": {\"fields\": [\"MDShooters Name\"]}}]',11,1),(172,'2020-01-18 18:24:02.052661','38','2020-02-08 SLOT AVAILABLE (Secondary: True) None [Show Listing = True]',1,'[{\"added\": {}}]',11,1),(173,'2020-01-18 18:25:19.803228','39','2020-02-15 None (Secondary: True) None [Show Listing = True]',1,'[{\"added\": {}}]',11,1),(174,'2020-01-18 18:25:47.551820','39','2020-02-15 SLOT AVAILABLE (Secondary: True) None [Show Listing = True]',2,'[{\"changed\": {\"fields\": [\"MDShooters Name\"]}}]',11,1),(175,'2020-01-18 18:26:40.915950','40','2020-02-22 SLOT AVAILABLE (Secondary: True) None [Show Listing = True]',1,'[{\"added\": {}}]',11,1),(176,'2020-01-18 18:26:57.468846','41','2020-02-22 SLOT AVAILABLE (Secondary: True) None [Show Listing = True]',1,'[{\"added\": {}}]',11,1),(177,'2020-01-18 18:27:16.846491','42','2020-02-29 SLOT AVAILABLE (Secondary: True) None [Show Listing = True]',1,'[{\"added\": {}}]',11,1),(178,'2020-01-18 18:27:24.926870','43','2020-02-29 SLOT AVAILABLE (Secondary: True) None [Show Listing = True]',1,'[{\"added\": {}}]',11,1),(179,'2020-01-18 18:28:13.586884','44','2020-03-07 SLOT AVAILABLE (Secondary: True) None [Show Listing = True]',1,'[{\"added\": {}}]',11,1),(180,'2020-01-18 18:28:20.686532','45','2020-03-07 SLOT AVAILABLE (Secondary: True) None [Show Listing = True]',1,'[{\"added\": {}}]',11,1),(181,'2020-01-18 18:28:37.412357','46','2020-03-14 SLOT AVAILABLE (Secondary: True) None [Show Listing = True]',1,'[{\"added\": {}}]',11,1),(182,'2020-01-18 18:28:43.127113','47','2020-03-14 SLOT AVAILABLE (Secondary: True) None [Show Listing = True]',1,'[{\"added\": {}}]',11,1),(183,'2020-01-18 18:29:41.479738','48','2020-03-21 None (Secondary: True) None [Show Listing = True]',1,'[{\"added\": {}}]',11,1),(184,'2020-01-18 18:29:47.784562','49','2020-03-21 SLOT AVAILABLE (Secondary: True) None [Show Listing = True]',1,'[{\"added\": {}}]',11,1),(185,'2020-01-18 18:29:59.964687','48','2020-03-21 SLOT AVAILABLE (Secondary: True) None [Show Listing = True]',2,'[{\"changed\": {\"fields\": [\"MDShooters Name\"]}}]',11,1),(186,'2020-01-18 18:30:13.897902','50','2020-03-28 SLOT AVAILABLE (Secondary: True) None [Show Listing = True]',1,'[{\"added\": {}}]',11,1),(187,'2020-01-18 18:30:19.755350','51','2020-03-28 SLOT AVAILABLE (Secondary: True) None [Show Listing = True]',1,'[{\"added\": {}}]',11,1),(188,'2020-01-18 18:30:38.310396','52','2020-04-04 SLOT AVAILABLE (Secondary: True) None [Show Listing = True]',1,'[{\"added\": {}}]',11,1),(189,'2020-01-18 18:30:44.119886','53','2020-04-04 SLOT AVAILABLE (Secondary: True) None [Show Listing = True]',1,'[{\"added\": {}}]',11,1),(190,'2020-01-18 18:31:00.211797','54','2020-04-11 SLOT AVAILABLE (Secondary: True) None [Show Listing = True]',1,'[{\"added\": {}}]',11,1),(191,'2020-01-18 18:31:07.956281','55','2020-04-11 SLOT AVAILABLE (Secondary: True) None [Show Listing = True]',1,'[{\"added\": {}}]',11,1),(192,'2020-01-18 18:31:33.430593','56','2020-04-18 SLOT AVAILABLE (Secondary: True) None [Show Listing = True]',1,'[{\"added\": {}}]',11,1),(193,'2020-01-18 18:31:39.714549','57','2020-04-18 SLOT AVAILABLE (Secondary: True) None [Show Listing = True]',1,'[{\"added\": {}}]',11,1),(194,'2020-01-18 18:31:59.036637','58','2020-05-02 SLOT AVAILABLE (Secondary: True) None [Show Listing = True]',1,'[{\"added\": {}}]',11,1),(195,'2020-01-18 18:32:09.500460','59','2020-05-02 SLOT AVAILABLE (Secondary: True) None [Show Listing = True]',1,'[{\"added\": {}}]',11,1),(196,'2020-01-18 18:32:34.238777','60','2020-05-02 SLOT AVAILABLE (Secondary: True) None [Show Listing = True]',1,'[{\"added\": {}}]',11,1),(197,'2020-01-18 18:32:40.499376','61','2020-05-02 SLOT AVAILABLE (Secondary: True) None [Show Listing = True]',1,'[{\"added\": {}}]',11,1),(198,'2020-01-18 18:33:45.196853','62','2020-05-09 SLOT AVAILABLE (Secondary: True) None [Show Listing = True]',1,'[{\"added\": {}}]',11,1),(199,'2020-01-18 18:33:50.131949','63','2020-05-09 SLOT AVAILABLE (Secondary: True) None [Show Listing = True]',1,'[{\"added\": {}}]',11,1),(200,'2020-01-20 16:55:20.130831','12','2020-02-08 Magnumst (Secondary: False) 410-984-7217 [Show Listing = True]',2,'[{\"changed\": {\"fields\": [\"Real Name\", \"Phone Number\", \"EMail\"]}}]',11,1),(201,'2020-01-20 18:31:29.240726','11','2020-03-14 Clif (Secondary: False) 410-744-2878 [Show Listing = True]',2,'[{\"changed\": {\"fields\": [\"Real Name\", \"Phone Number\", \"EMail\"]}}]',11,1),(202,'2020-01-21 22:55:01.039771','26','2020-01-01 Testing Old Event Listing (Secondary: False) None [Show Listing = True]',3,'',11,1),(203,'2020-01-21 22:55:16.478905','2','2020-02-01 SquareGrouper (Secondary: False) 410-218-3182 [Show Listing = True]',2,'[{\"changed\": {\"fields\": [\"Desired Time Slot\"]}}]',11,1),(204,'2020-01-21 22:55:24.713644','37','2020-02-01 SLOT AVAILABLE (Secondary: True) None [Show Listing = True]',2,'[{\"changed\": {\"fields\": [\"Desired Time Slot\"]}}]',11,1),(205,'2020-01-21 22:55:41.645923','13','2020-02-08 MacM (Secondary: False) None [Show Listing = True]',2,'[{\"changed\": {\"fields\": [\"Desired Time Slot\"]}}]',11,1),(206,'2020-01-21 22:56:00.150816','12','2020-02-08 Magnumst (Secondary: False) 410-984-7217 [Show Listing = True]',2,'[]',11,1),(207,'2020-01-21 22:56:12.434620','24','2020-02-08 MacMoov (Secondary: True) 301-253-2147 [Show Listing = True]',2,'[{\"changed\": {\"fields\": [\"Desired Time Slot\"]}}]',11,1),(208,'2020-01-21 22:56:41.912075','29','2020-02-15 Kimberly (Secondary: False) 202-391-1198 [Show Listing = True]',2,'[{\"changed\": {\"fields\": [\"Desired Time Slot\"]}}]',11,1),(209,'2020-01-21 22:57:05.254528','30','2020-02-22 Pinecone (Secondary: False) 443-255-4196 [Show Listing = True]',2,'[{\"changed\": {\"fields\": [\"Desired Time Slot\"]}}]',11,1),(210,'2020-01-21 22:57:39.271520','11','2020-03-14 Clif (Secondary: False) 410-744-2878 [Show Listing = True]',2,'[{\"changed\": {\"fields\": [\"Desired Time Slot\"]}}]',11,1),(211,'2020-01-21 22:58:10.136376','17','2020-03-28 Thorsey (Secondary: False) None [Show Listing = True]',2,'[{\"changed\": {\"fields\": [\"Desired Time Slot\"]}}]',11,1),(212,'2020-01-21 22:58:23.443339','9','2020-04-04 hillbilly grandpa (Secondary: False) 443-668-0668 [Show Listing = True]',2,'[{\"changed\": {\"fields\": [\"Desired Time Slot\"]}}]',11,1),(213,'2020-01-21 22:59:02.860335','19','2020-04-11 mat (Secondary: False) 443-635-6373 [Show Listing = True]',2,'[{\"changed\": {\"fields\": [\"Desired Time Slot\"]}}]',11,1),(214,'2020-01-22 10:09:47.426554','14','2020-02-29 Dremort (Secondary: False) 703-338-3722 [Show Listing = True]',2,'[{\"changed\": {\"fields\": [\"Real Name\", \"Phone Number\", \"EMail\"]}}]',11,1),(215,'2020-01-22 23:47:17.212279','52','2020-04-04 Forest (Secondary: True) None [Show Listing = True]',2,'[{\"changed\": {\"fields\": [\"MDShooters Name\", \"Real Name\"]}}]',11,1),(216,'2020-01-23 11:39:15.167125','9','2020-04-11 hillbilly grandpa (Secondary: False) 443-668-0668 [Show Listing = True]',2,'[{\"changed\": {\"fields\": [\"Invite Date\"]}}]',11,1),(217,'2020-01-23 11:39:50.586047','8','2020-04-11 rbird7282 (Secondary: False) 301-785-8927 [Show Listing = True]',2,'[{\"changed\": {\"fields\": [\"Invite Date\"]}}]',11,1),(218,'2020-01-23 11:40:20.307699','55','2020-04-11 SLOT AVAILABLE (Secondary: True) None [Show Listing = True]',3,'',11,1),(219,'2020-01-23 11:40:20.310739','54','2020-04-11 SLOT AVAILABLE (Secondary: True) None [Show Listing = True]',3,'',11,1),(220,'2020-01-23 11:40:52.996687','19','2020-04-18 mat (Secondary: False) 443-635-6373 [Show Listing = True]',2,'[{\"changed\": {\"fields\": [\"Invite Date\"]}}]',11,1),(221,'2020-01-23 11:41:08.844450','25','2020-04-18 Balzer94 (Secondary: False) 240-446-2343 [Show Listing = True]',2,'[{\"changed\": {\"fields\": [\"Invite Date\"]}}]',11,1),(222,'2020-01-23 11:41:26.052542','21','2020-04-18 SLOT AVAILABLE (Secondary: False) None [Show Listing = True]',3,'',11,1),(223,'2020-01-23 11:41:26.054987','20','2020-04-18 SLOT AVAILABLE (Secondary: False) None [Show Listing = True]',3,'',11,1),(224,'2020-01-23 11:43:22.146505','31','2020-03-07 SLOT AVAILABLE (Secondary: False) None [Show Listing = True]',3,'',11,1),(225,'2020-01-23 11:43:22.149028','45','2020-03-07 SLOT AVAILABLE (Secondary: True) None [Show Listing = True]',3,'',11,1),(226,'2020-01-23 11:43:22.150621','44','2020-03-07 SLOT AVAILABLE (Secondary: True) None [Show Listing = True]',3,'',11,1),(227,'2020-01-23 11:43:22.152190','47','2020-03-14 SLOT AVAILABLE (Secondary: True) None [Show Listing = True]',3,'',11,1),(228,'2020-01-23 11:43:22.153937','46','2020-03-14 SLOT AVAILABLE (Secondary: True) None [Show Listing = True]',3,'',11,1),(229,'2020-01-23 11:43:22.155631','49','2020-03-21 SLOT AVAILABLE (Secondary: True) None [Show Listing = True]',3,'',11,1),(230,'2020-01-23 11:43:22.157219','48','2020-03-21 SLOT AVAILABLE (Secondary: True) None [Show Listing = True]',3,'',11,1),(231,'2020-01-23 11:43:22.158763','57','2020-04-18 SLOT AVAILABLE (Secondary: True) None [Show Listing = True]',3,'',11,1),(232,'2020-01-23 11:43:22.160337','56','2020-04-18 SLOT AVAILABLE (Secondary: True) None [Show Listing = True]',3,'',11,1),(233,'2020-01-23 11:43:22.161954','23','2020-05-02 SLOT AVAILABLE (Secondary: False) None [Show Listing = True]',3,'',11,1),(234,'2020-01-23 11:43:22.163781','22','2020-05-02 SLOT AVAILABLE (Secondary: False) None [Show Listing = True]',3,'',11,1),(235,'2020-01-23 11:43:22.165327','61','2020-05-02 SLOT AVAILABLE (Secondary: True) None [Show Listing = True]',3,'',11,1),(236,'2020-01-23 11:43:22.166865','60','2020-05-02 SLOT AVAILABLE (Secondary: True) None [Show Listing = True]',3,'',11,1),(237,'2020-01-23 11:43:22.168358','59','2020-05-02 SLOT AVAILABLE (Secondary: True) None [Show Listing = True]',3,'',11,1),(238,'2020-01-23 11:43:22.169873','58','2020-05-02 SLOT AVAILABLE (Secondary: True) None [Show Listing = True]',3,'',11,1),(239,'2020-01-23 11:43:22.171505','28','2020-05-09 SLOT AVAILABLE (Secondary: False) None [Show Listing = True]',3,'',11,1),(240,'2020-01-23 11:43:22.173065','63','2020-05-09 SLOT AVAILABLE (Secondary: True) None [Show Listing = True]',3,'',11,1),(241,'2020-01-23 11:43:22.174788','62','2020-05-09 SLOT AVAILABLE (Secondary: True) None [Show Listing = True]',3,'',11,1),(242,'2020-01-23 11:46:33.141584','52','2020-04-04 Forest (Secondary: True) None [Show Listing = True]',2,'[{\"changed\": {\"fields\": [\"EMail\"]}}]',11,1),(243,'2020-01-23 11:47:18.514974','53','2020-04-04 Forest (Secondary: True) None [Show Listing = True]',2,'[{\"changed\": {\"fields\": [\"Desired Time Slot\", \"MDShooters Name\", \"EMail\"]}}]',11,1),(244,'2020-01-27 15:51:59.066336','35','2020-02-01 SLOT AVAILABLE (Secondary: True) None [Show Listing = True]',3,'',11,1),(245,'2020-01-27 15:52:18.980684','37','2020-02-01 SLOT AVAILABLE (Secondary: True) None [Show Listing = True]',3,'',11,1),(246,'2020-01-27 15:53:28.142857','2','2020-02-01 SquareGrouper (Secondary: False) 410-218-3182 [Show Listing = True]',2,'[]',11,1),(247,'2020-01-28 18:24:58.577595','1','2020-01-28 Added: What is new!',1,'[{\"added\": {}}]',12,1),(248,'2020-01-28 19:19:16.091087','1','2020-01-28 Added: What is new!',2,'[{\"changed\": {\"fields\": [\"Body\"]}}]',12,1),(249,'2020-01-28 19:19:26.203787','1','2020-01-28 Added: What is new!',2,'[{\"changed\": {\"fields\": [\"Body\"]}}]',12,1),(250,'2020-01-28 19:23:09.530780','1','2020-01-28 Added: What is new!',2,'[{\"changed\": {\"fields\": [\"Body\"]}}]',12,1),(251,'2020-01-28 20:16:48.531623','1','2020-01-28 Added: What is new!',2,'[{\"changed\": {\"fields\": [\"Published\"]}}]',12,1),(252,'2020-01-28 20:16:59.135752','1','2020-01-28 Added: What is new!',2,'[{\"changed\": {\"fields\": [\"Published\"]}}]',12,1),(253,'2020-01-28 20:18:28.950907','1','2020-01-29 Added: What is new!',2,'[{\"changed\": {\"fields\": [\"Date\"]}}]',12,1),(254,'2020-01-28 20:20:52.131612','1','2020-01-29 Added: What is new!',2,'[{\"changed\": {\"fields\": [\"Body\"]}}]',12,1),(255,'2020-01-28 20:21:28.413738','1','2020-01-29 Added: What is new!',2,'[{\"changed\": {\"fields\": [\"Body\"]}}]',12,1),(256,'2020-01-28 20:21:52.441849','1','2020-01-28 Added: What is new!',2,'[{\"changed\": {\"fields\": [\"Date\"]}}]',12,1),(257,'2020-01-28 20:22:55.530653','1','2020-01-28 Added: What is new!',2,'[{\"changed\": {\"fields\": [\"Body\"]}}]',12,1),(258,'2020-01-28 20:23:16.326097','1','2020-01-28 Added: What is new!',2,'[{\"changed\": {\"fields\": [\"Body\"]}}]',12,1),(259,'2020-01-28 20:31:43.290920','1','2020-01-28 Added: What is new!',2,'[{\"changed\": {\"fields\": [\"Published\"]}}]',12,1),(260,'2020-01-28 20:32:18.106328','1','2020-01-29 Added: What is new!',2,'[{\"changed\": {\"fields\": [\"Date\"]}}]',12,1),(261,'2020-01-28 21:16:57.048793','1','2020-01-27 Added: What is new!',2,'[{\"changed\": {\"fields\": [\"Date\", \"Published\"]}}]',12,1),(262,'2020-01-28 21:17:29.230357','1','2020-01-27 Added: What is new!',2,'[]',12,1),(263,'2020-01-28 21:19:18.230733','2','2020-01-26 Consolidated global functions',1,'[{\"added\": {}}]',12,1),(264,'2020-01-28 21:19:33.731645','2','2020-01-26 Consolidated global functions',2,'[]',12,1),(265,'2020-01-29 01:33:11.761981','1','2020-02-01 ToolAA (Secondary: False) None [Show Listing = True]',2,'[{\"changed\": {\"fields\": [\"Phone Number\", \"Event Notes\"]}}]',11,1),(266,'2020-01-29 01:35:21.098627','1','2020-02-01 ToolAA (Secondary: False) None [Show Listing = True]',2,'[{\"changed\": {\"fields\": [\"EMail\", \"Event Notes\"]}}]',11,1),(267,'2020-01-29 01:40:24.396805','3','2020-01-28 Bad Contact Info',1,'[{\"added\": {}}]',12,1),(268,'2020-01-29 01:41:46.499831','3','2020-01-28 Bad Contact Info',2,'[{\"changed\": {\"fields\": [\"Body\"]}}]',12,1),(269,'2020-01-29 11:50:45.469136','1','2020-02-01 ToolAA (Secondary: False) 443-538-5277 [Show Listing = True]',2,'[{\"changed\": {\"fields\": [\"Phone Number\", \"EMail\", \"Event Notes\"]}}]',11,1),(270,'2020-01-29 15:57:49.116432','13','2020-02-08 MacM (Secondary: True) None [Show Listing = True]',2,'[{\"changed\": {\"fields\": [\"Invite Secondary\"]}}]',11,1),(271,'2020-01-29 16:00:38.977004','65','2020-02-08 Elias (Secondary: False) 918-892-2618 [Show Listing = False]',1,'[{\"added\": {}}]',11,1),(272,'2020-01-29 16:00:57.568895','65','2020-02-08 Elias (Secondary: False) 918-892-2618 [Show Listing = True]',2,'[{\"changed\": {\"fields\": [\"Show Listing\"]}}]',11,1),(273,'2020-01-29 16:01:28.668186','12','2020-02-08 Magnumst (Secondary: True) 410-984-7217 [Show Listing = True]',2,'[{\"changed\": {\"fields\": [\"Invite Secondary\"]}}]',11,1),(274,'2020-01-29 16:03:05.081147','12','2020-02-08 Magnumst (Secondary: True) 410-984-7217 [Show Listing = False]',2,'[{\"changed\": {\"fields\": [\"Show Listing\"]}}]',11,1),(275,'2020-01-29 16:03:18.841568','38','2020-02-08 SLOT AVAILABLE (Secondary: True) None [Show Listing = False]',2,'[{\"changed\": {\"fields\": [\"Show Listing\"]}}]',11,1),(276,'2020-01-29 16:38:27.170362','24','2020-02-08 MacMoov (Secondary: True) 301-253-2147 [Show Listing = True]',2,'[]',11,1),(277,'2020-01-30 00:05:19.769541','13','2020-02-08 MacM (Secondary: True) None [Show Listing = False]',2,'[{\"changed\": {\"fields\": [\"Show Listing\"]}}]',11,1),(278,'2020-01-30 00:05:54.375218','39','2020-02-15 SLOT AVAILABLE (Secondary: True) None [Show Listing = True]',3,'',11,1),(279,'2020-01-30 00:06:36.763654','12','2020-02-29 Magnumst (Secondary: True) 410-984-7217 [Show Listing = False]',2,'[{\"changed\": {\"fields\": [\"Invite Date\", \"Desired Time Slot\", \"Invite AM\", \"Invite PM\"]}}]',11,1),(280,'2020-01-30 00:06:47.910339','12','2020-02-29 Magnumst (Secondary: True) 410-984-7217 [Show Listing = True]',2,'[{\"changed\": {\"fields\": [\"Show Listing\"]}}]',11,1),(281,'2020-01-30 00:07:12.799230','12','2020-02-29 Magnumst (Secondary: False) 410-984-7217 [Show Listing = True]',2,'[{\"changed\": {\"fields\": [\"Invite Secondary\"]}}]',11,1),(282,'2020-01-30 00:07:32.329812','15','2020-02-29 SLOT AVAILABLE (Secondary: False) None [Show Listing = True]',3,'',11,1),(283,'2020-01-30 01:57:16.338028','17','2020-03-28 SLOT AVAILABLE (Secondary: False) None [Show Listing = True]',2,'[{\"changed\": {\"fields\": [\"MDShooters Name\"]}}]',11,1),(284,'2020-01-30 01:57:48.665260','6','2020-03-07 SLOT AVAILABLE (Secondary: False) None [Show Listing = True]',2,'[{\"changed\": {\"fields\": [\"MDShooters Name\"]}}]',11,1),(285,'2020-01-30 01:57:58.472133','7','2020-03-14 SLOT AVAILABLE (Secondary: False) None [Show Listing = True]',2,'[{\"changed\": {\"fields\": [\"MDShooters Name\"]}}]',11,1),(286,'2020-01-30 01:58:25.845118','42','2020-02-29 SLOT AVAILABLE (Secondary: True) None [Show Listing = True]',3,'',11,1),(287,'2020-01-30 01:58:36.880201','43','2020-02-29 SLOT AVAILABLE (Secondary: True) None [Show Listing = True]',3,'',11,1),(288,'2020-01-30 01:58:58.828714','6','2020-03-07 SLOT AVAILABLE (Secondary: False) None [Show Listing = True]',3,'',11,1),(289,'2020-01-31 16:18:27.305348','66','2020-02-22 GGGGOAT (Secondary: True) 4103714162 [Show Listing = True]',2,'[{\"changed\": {\"fields\": [\"Show Listing\", \"Invite Secondary\"]}}]',11,1),(290,'2020-01-31 16:20:17.823971','40','2020-02-22 SLOT AVAILABLE (Secondary: True) None [Show Listing = True]',3,'',11,1),(291,'2020-01-31 17:29:55.283786','67','2020-02-09 SRSmit (Secondary: False) None [Show Listing = True]',1,'[{\"added\": {}}]',11,1),(292,'2020-01-31 20:25:57.699078','7','2020-03-14 SLOT AVAILABLE (Secondary: False) None [Show Listing = True]',3,'',11,1),(293,'2020-01-31 20:26:08.487855','68','2020-03-14 GGGGOAT (Secondary: False) 410-371-4162 [Show Listing = True]',2,'[{\"changed\": {\"fields\": [\"Show Listing\"]}}]',11,1),(294,'2020-01-31 20:27:38.988030','67','2020-02-09 SRSmit (Secondary: False) 1234561234 [Show Listing = True]',2,'[{\"changed\": {\"fields\": [\"Real Name\", \"Phone Number\", \"EMail\"]}}]',11,1),(295,'2020-01-31 20:28:15.654262','51','2020-03-28 SLOT AVAILABLE (Secondary: True) None [Show Listing = True]',3,'',11,1),(296,'2020-02-02 21:15:20.769598','65','2020-02-08 Elias (Secondary: False) 918-892-2618 [Show Listing = True]',2,'[]',11,1),(297,'2020-02-03 12:57:41.718483','24','2020-02-08 MacMoov (Secondary: False) 301-253-2147 [Show Listing = True]',2,'[{\"changed\": {\"fields\": [\"Invite Secondary\"]}}]',11,1),(298,'2020-02-05 02:36:44.976827','1','300 WIN MAG',1,'[{\"added\": {}}]',13,1),(299,'2020-02-05 02:36:47.288802','1','Savage 110 BA Stealth 300 WIN MAG',1,'[{\"added\": {}}]',14,1),(300,'2020-02-05 02:47:42.258822','1','[PK: 1] (220.0gr Hornady ELD-X {2670 [64.1gr of IMR 4350]})',2,'[{\"changed\": {\"fields\": [\"Firearm\"]}}]',9,1),(301,'2020-02-05 02:51:50.633055','2','8mm Mauser',1,'[{\"added\": {}}]',13,1),(302,'2020-02-05 02:51:54.612710','2','German Axis K98k 8mm Mauser',1,'[{\"added\": {}}]',14,1),(303,'2020-02-05 02:52:07.794366','14','[PK: 14] (200.0gr Unknown Factory Second {2462 [42.0gr of IMR 4064]})',2,'[{\"changed\": {\"fields\": [\"Firearm\"]}}]',9,1),(304,'2020-02-05 02:52:45.301831','2','[PK: 2] (200.0gr Unknown Factory Second {2540 [46.0gr of IMR 4064]})',2,'[{\"changed\": {\"fields\": [\"Firearm\"]}}]',9,1),(305,'2020-02-05 02:53:28.703339','3','308 Winchester',1,'[{\"added\": {}}]',13,1),(306,'2020-02-05 02:53:30.865178','3','Ruger American Standard 308 Winchester',1,'[{\"added\": {}}]',14,1),(307,'2020-02-05 02:53:36.738564','3','[PK: 3] (168.0gr Hornady A-Max {2242 [42.0gr of IMR 4064]})',2,'[{\"changed\": {\"fields\": [\"Firearm\"]}}]',9,1),(308,'2020-02-05 02:54:13.372984','4','22-250 Winchester',1,'[{\"added\": {}}]',13,1),(309,'2020-02-05 02:54:15.877468','4','Ruger American Predator 22-250 Winchester',1,'[{\"added\": {}}]',14,1),(310,'2020-02-05 02:54:17.822218','4','[PK: 4] (69.0gr Sierra Matchking HPBT {3365 [35.0gr of IMR 4064]})',2,'[{\"changed\": {\"fields\": [\"Firearm\"]}}]',9,1),(311,'2020-02-05 02:54:38.726796','5','[PK: 5] (52.0gr Sierra Matchking HPBT {3647 [34.0gr of Benchmark]})',2,'[{\"changed\": {\"fields\": [\"Firearm\"]}}]',9,1),(312,'2020-02-05 02:55:03.018647','7','[PK: 7] (55.0gr Nosler Ballistic Tip: Varmint {3358 [39.0gr of IMR 4350]})',2,'[{\"changed\": {\"fields\": [\"Firearm\"]}}]',9,1),(313,'2020-02-05 02:56:22.427567','5','223 Wylde',1,'[{\"added\": {}}]',13,1),(314,'2020-02-05 02:56:27.161967','5','AR-15 AR-15 223 Wylde',1,'[{\"added\": {}}]',14,1),(315,'2020-02-05 02:56:37.000450','21','[PK: 21] (52.0gr Sierra Matchking HPBT {3260 [24.3gr of IMR 3031]})',2,'[{\"changed\": {\"fields\": [\"Firearm\"]}}]',9,1),(316,'2020-02-05 02:57:06.306481','10','[PK: 10] (55.0gr Nosler Ballistic Tip: Varmint {2550 [22.0gr of IMR 3031]})',2,'[{\"changed\": {\"fields\": [\"Firearm\"]}}]',9,1),(317,'2020-02-05 02:57:29.402467','13','[PK: 13] (150.0gr Speer Hot Core {2928 [46.0gr of IMR 3031]})',2,'[{\"changed\": {\"fields\": [\"Firearm\"]}}]',9,1),(318,'2020-02-05 02:58:01.851050','15','[PK: 15] (60.0gr Nosler Ballistic Tip: Varmint {3438 [40.0gr of HS-6]})',2,'[{\"changed\": {\"fields\": [\"Firearm\"]}}]',9,1),(319,'2020-02-05 02:58:31.811182','16','[PK: 16] (50.0gr Hornady SPSX {3750 [34.0gr of Benchmark]})',2,'[{\"changed\": {\"fields\": [\"Firearm\"]}}]',9,1),(320,'2020-02-05 02:59:11.389126','6','[PK: 6] (69.0gr Sierra Matchking HPBT {3068 [39.0gr of IMR 4350]})',2,'[{\"changed\": {\"fields\": [\"Firearm\"]}}]',9,1),(321,'2020-02-05 02:59:58.153292','8','[PK: 8] (52.0gr Sierra Matchking HPBT {3358 [25.0gr of IMR 3031]})',2,'[{\"changed\": {\"fields\": [\"Firearm\"]}}]',9,1),(322,'2020-02-05 03:00:32.167795','6','300 BLK',1,'[{\"added\": {}}]',13,1),(323,'2020-02-05 03:00:34.775905','6','AR-15 AR-15 300 BLK',1,'[{\"added\": {}}]',14,1),(324,'2020-02-05 03:00:40.664522','9','[PK: 9] (155.0gr Hornady A-Max {1900 [15.8gr of Lil Gun]})',2,'[{\"changed\": {\"fields\": [\"Firearm\"]}}]',9,1),(325,'2020-02-05 03:01:07.703540','22','[PK: 22] (60.0gr Nosler Ballistic Tip: Varmint {3046 [22.5gr of Benchmark]})',2,'[{\"changed\": {\"fields\": [\"Firearm\"]}}]',9,1),(326,'2020-02-05 03:01:56.893500','7','30 Carbine',1,'[{\"added\": {}}]',13,1),(327,'2020-02-05 03:01:58.885631','7','Some Kind Some Model 30 Carbine',1,'[{\"added\": {}}]',14,1),(328,'2020-02-05 03:02:15.957554','7','Some Kind M1 Carbine 30 Carbine',2,'[{\"changed\": {\"fields\": [\"Model\"]}}]',14,1),(329,'2020-02-05 03:02:18.327530','17','[PK: 17] (110.0gr Unknown Factory Second {2100 [15.0gr of H-110]})',2,'[{\"changed\": {\"fields\": [\"Firearm\"]}}]',9,1),(330,'2020-02-05 03:02:34.792874','18','[PK: 18] (50.0gr Barnes Varmint Grenade {2910 [23.0gr of IMR 4064]})',2,'[{\"changed\": {\"fields\": [\"Firearm\"]}}]',9,1),(331,'2020-02-05 03:03:48.403824','8','357 Magnum',1,'[{\"added\": {}}]',13,1),(332,'2020-02-05 03:03:50.079933','8','Dan Wesson Revolver 357 Magnum',1,'[{\"added\": {}}]',14,1),(333,'2020-02-05 03:03:58.654648','19','[PK: 19] (158.0gr Lee Mold Powder Coated {1200 [14.0gr of Alliant 2400]})',2,'[{\"changed\": {\"fields\": [\"Firearm\"]}}]',9,1),(334,'2020-02-05 03:04:52.495752','9','9MM Parabellum',1,'[{\"added\": {}}]',13,1),(335,'2020-02-05 03:04:57.151491','9','Beretta 92FS 9MM Parabellum',1,'[{\"added\": {}}]',14,1),(336,'2020-02-05 03:05:00.231964','11','[PK: 11] (115.0gr Speer Gold Dot {1200 [6.4gr of HS-6]})',2,'[{\"changed\": {\"fields\": [\"Firearm\"]}}]',9,1),(337,'2020-02-05 03:05:33.329420','20','[PK: 20] (125.0gr Unknown Factory Second {1000 [5.0gr of Bullseye]})',2,'[{\"changed\": {\"fields\": [\"Firearm\"]}}]',9,1),(338,'2020-02-05 03:05:49.671582','12','[PK: 12] (158.0gr Lee Mold Powder Coated {700 [4.0gr of Trail Boss]})',2,'[{\"changed\": {\"fields\": [\"Firearm\"]}}]',9,1),(339,'2020-02-05 03:39:36.876353','9','Beretta 92FS 9MM Parabellum',2,'[{\"changed\": {\"fields\": [\"Barrel length\"]}}]',14,1),(340,'2020-02-05 03:39:47.266486','6','AR-15 AR-15 300 BLK',2,'[{\"changed\": {\"fields\": [\"Barrel length\"]}}]',14,1),(341,'2020-02-05 03:39:52.375886','5','AR-15 AR-15 223 Wylde',2,'[{\"changed\": {\"fields\": [\"Barrel length\"]}}]',14,1),(342,'2020-02-05 03:39:58.333434','8','Dan Wesson Revolver 357 Magnum',2,'[{\"changed\": {\"fields\": [\"Barrel length\"]}}]',14,1),(343,'2020-02-05 03:40:25.928749','2','German Axis K98k 8mm Mauser',2,'[{\"changed\": {\"fields\": [\"Barrel length\"]}}]',14,1),(344,'2020-02-05 03:40:58.634709','4','Ruger American Predator 22-250 Winchester',2,'[{\"changed\": {\"fields\": [\"Barrel length\"]}}]',14,1),(345,'2020-02-05 03:41:10.140420','3','Ruger American Standard 308 Winchester',2,'[{\"changed\": {\"fields\": [\"Barrel length\"]}}]',14,1),(346,'2020-02-05 03:41:18.933009','1','Savage 110 BA Stealth 300 WIN MAG',2,'[{\"changed\": {\"fields\": [\"Barrel length\"]}}]',14,1),(347,'2020-02-05 03:48:12.493717','2','German Axis K98k 8mm Mauser',2,'[{\"changed\": {\"fields\": [\"Barrel length\"]}}]',14,1),(348,'2020-02-06 01:54:21.897245','4','PRIVATE',1,'[{\"added\": {}}]',4,1),(349,'2020-02-06 01:54:39.521139','4','PRIVATE',2,'[]',4,1),(350,'2020-02-06 01:54:41.045192','6','AR-15 AR-15 300 BLK',2,'[{\"changed\": {\"fields\": [\"Owner\"]}}]',14,1),(351,'2020-02-06 01:54:44.742735','6','AR-15 AR-15 300 BLK',2,'[]',14,1),(352,'2020-02-06 01:54:51.973652','5','AR-15 AR-15 223 Wylde',2,'[{\"changed\": {\"fields\": [\"Owner\"]}}]',14,1),(353,'2020-02-06 01:54:56.622863','9','Beretta 92FS 9MM Parabellum',2,'[{\"changed\": {\"fields\": [\"Owner\"]}}]',14,1),(354,'2020-02-06 01:55:01.333425','8','Dan Wesson Revolver 357 Magnum',2,'[{\"changed\": {\"fields\": [\"Owner\"]}}]',14,1),(355,'2020-02-06 01:55:08.539464','2','German Axis K98k 8mm Mauser',2,'[{\"changed\": {\"fields\": [\"Owner\"]}}]',14,1),(356,'2020-02-06 01:55:14.083246','4','Ruger American Predator 22-250 Winchester',2,'[{\"changed\": {\"fields\": [\"Owner\"]}}]',14,1),(357,'2020-02-06 01:55:20.529309','4','Ruger American Predator 22-250 Winchester',2,'[]',14,1),(358,'2020-02-06 01:55:25.329247','3','Ruger American Standard 308 Winchester',2,'[{\"changed\": {\"fields\": [\"Owner\"]}}]',14,1),(359,'2020-02-06 01:55:30.263952','1','Savage 110 BA Stealth 300 WIN MAG',2,'[{\"changed\": {\"fields\": [\"Owner\"]}}]',14,1),(360,'2020-02-06 01:55:36.361084','7','Some Kind M1 Carbine 30 Carbine',2,'[{\"changed\": {\"fields\": [\"Owner\"]}}]',14,1),(361,'2020-02-06 01:55:57.798452','5','shamus',1,'[{\"added\": {}}]',4,1),(362,'2020-02-06 01:56:03.595616','6','AR-15 AR-15 300 BLK',2,'[{\"changed\": {\"fields\": [\"Owner\"]}}]',14,1),(363,'2020-02-06 01:56:08.379905','6','AR-15 AR-15 300 BLK',2,'[]',14,1),(364,'2020-02-06 01:56:16.927938','2','German Axis K98k 8mm Mauser',2,'[{\"changed\": {\"fields\": [\"Owner\"]}}]',14,1),(365,'2020-02-06 01:56:34.356802','3','nimda',3,'',4,1),(366,'2020-02-06 01:57:14.565242','5','Shamus',2,'[{\"changed\": {\"fields\": [\"Username\"]}}]',4,1),(367,'2020-02-06 01:57:21.360966','1','Sven',2,'[{\"changed\": {\"fields\": [\"Username\"]}}]',4,1),(368,'2020-02-06 01:58:13.866188','1','farminvite_editor',2,'[]',3,1),(369,'2020-02-06 01:58:25.104525','5','Shamus',2,'[{\"changed\": {\"fields\": [\"Groups\"]}}]',4,1),(370,'2020-02-06 01:58:52.338095','5','Shamus',2,'[{\"changed\": {\"fields\": [\"password\"]}}]',4,1),(371,'2020-02-06 02:01:14.256936','5','Shamus',2,'[{\"changed\": {\"fields\": [\"Staff status\"]}}]',4,1),(372,'2020-02-06 02:01:54.937190','5','Shamus',2,'[{\"changed\": {\"fields\": [\"First name\"]}}]',4,1),(373,'2020-02-06 02:02:10.478011','5','Shamus',2,'[{\"changed\": {\"fields\": [\"password\"]}}]',4,1),(374,'2020-02-06 02:03:28.328847','5','Shamus',2,'[{\"changed\": {\"fields\": [\"User permissions\", \"Last login\"]}}]',4,1),(375,'2020-02-06 02:03:56.395401','5','Shamus',2,'[{\"changed\": {\"fields\": [\"User permissions\"]}}]',4,1),(376,'2020-02-06 02:04:23.715441','5','Shamus',2,'[{\"changed\": {\"fields\": [\"User permissions\"]}}]',4,1),(377,'2020-02-06 02:05:09.700724','1','farminvite_editor',2,'[{\"changed\": {\"fields\": [\"Permissions\"]}}]',3,1),(378,'2020-02-06 02:05:51.626668','1','farminvite_editor',2,'[]',3,1),(379,'2020-02-06 02:08:06.502589','10','AR-15 AR-15 223 Wylde',1,'[{\"added\": {}}]',14,1),(380,'2020-02-06 02:09:46.641585','21','[PK: 21] 223 Wylde (52.0gr Sierra Matchking HPBT {3260 [24.3gr of IMR 3031]})',2,'[{\"changed\": {\"fields\": [\"Firearm\"]}}]',9,1),(381,'2020-02-06 02:22:38.766270','9','[PK: 9 - Shamus] 300 BLK (155.0gr Hornady A-Max {1900 [15.8gr of Lil Gun]})',2,'[{\"changed\": {\"fields\": [\"Is Sheriff Load\"]}}]',9,1),(382,'2020-02-06 02:23:16.033820','9','[PK: 9 - Shamus] 300 BLK (155.0gr Hornady A-Max {2200 [15.8gr of Lil Gun]})',2,'[{\"changed\": {\"fields\": [\"Velocity\"]}}]',9,1),(383,'2020-02-07 00:30:42.522734','6','Elias',1,'[{\"added\": {}}]',4,1),(384,'2020-02-07 00:30:55.729351','7','Kimberly',1,'[{\"added\": {}}]',4,1),(385,'2020-02-07 00:31:14.698228','8','Forest',1,'[{\"added\": {}}]',4,1),(386,'2020-02-07 00:31:28.030910','9','MacMoov',1,'[{\"added\": {}}]',4,1),(387,'2020-02-07 00:31:50.042384','10','BigCity',1,'[{\"added\": {}}]',4,1),(388,'2020-02-07 00:31:59.053922','11','bbradshaw21',1,'[{\"added\": {}}]',4,1),(389,'2020-02-07 00:32:09.056370','12','rpker',1,'[{\"added\": {}}]',4,1),(390,'2020-02-07 00:32:17.565790','13','Pinecone',1,'[{\"added\": {}}]',4,1),(391,'2020-02-07 00:32:26.444588','14','GGGGOAT',1,'[{\"added\": {}}]',4,1),(392,'2020-02-07 00:32:35.281070','15','Dremort',1,'[{\"added\": {}}]',4,1),(393,'2020-02-07 00:32:44.954144','16','Magnumst',1,'[{\"added\": {}}]',4,1),(394,'2020-02-07 00:32:55.408576','17','Clif',1,'[{\"added\": {}}]',4,1),(395,'2020-02-07 00:33:05.575011','18','RickInBoots',1,'[{\"added\": {}}]',4,1),(396,'2020-02-07 00:33:20.231106','19','rbird7282',1,'[{\"added\": {}}]',4,1),(397,'2020-02-07 00:33:38.095689','20','hillbilly_grandpa',1,'[{\"added\": {}}]',4,1),(398,'2020-02-07 00:33:48.030141','21','Balzer94',1,'[{\"added\": {}}]',4,1),(399,'2020-02-07 00:33:57.178866','22','mat',1,'[{\"added\": {}}]',4,1),(400,'2020-02-07 00:34:08.885317','23','JohnnyE',1,'[{\"added\": {}}]',4,1),(401,'2020-02-07 00:36:11.237923','2','firearm_creators',1,'[{\"added\": {}}]',3,1),(402,'2020-02-07 00:37:24.182881','10','BigCity',2,'[{\"changed\": {\"fields\": [\"password\"]}}]',4,1),(403,'2020-02-07 00:37:36.680957','10','BigCity',2,'[{\"changed\": {\"fields\": [\"Staff status\", \"Groups\"]}}]',4,1),(404,'2020-02-07 00:42:13.539191','2','firearm_creators',2,'[{\"changed\": {\"fields\": [\"Permissions\"]}}]',3,1),(405,'2020-02-07 01:04:14.943942','6','2020-02-06 Created Accounts',1,'[{\"added\": {}}]',12,1),(406,'2020-02-07 18:00:39.726238','1','Did you have fun at the farm on your invite?',1,'[{\"added\": {}}, {\"added\": {\"name\": \"choice\", \"object\": \"yes\"}}, {\"added\": {\"name\": \"choice\", \"object\": \"no\"}}, {\"added\": {\"name\": \"choice\", \"object\": \"other\"}}]',17,1),(407,'2020-02-07 18:27:00.414885','1','Did you have fun at the farm on your invite?',3,'',17,1),(408,'2020-02-07 18:32:22.242681','2','Would you store your load and DOPE on this site?',1,'[{\"added\": {}}, {\"added\": {\"name\": \"choice\", \"object\": \"Yes\"}}, {\"added\": {\"name\": \"choice\", \"object\": \"No\"}}, {\"added\": {\"name\": \"choice\", \"object\": \"Yes, but I need to chronograph the ammo first.\"}}]',17,1),(409,'2020-02-07 20:49:30.043693','3','Did you vote more than once on a poll here?',1,'[{\"added\": {}}, {\"added\": {\"name\": \"choice\", \"object\": \"Yes\"}}, {\"added\": {\"name\": \"choice\", \"object\": \"No\"}}, {\"added\": {\"name\": \"choice\", \"object\": \"Only this poll, I swear.\"}}]',17,1),(410,'2020-02-07 20:57:02.400424','24','milesprower',1,'[{\"added\": {}}]',4,1),(411,'2020-02-07 20:57:32.326865','25','ansoliman',1,'[{\"added\": {}}]',4,1),(412,'2020-02-07 20:58:47.091676','17','2020-03-28 milesprower (Secondary: False) None [Show Listing = True]',2,'[{\"changed\": {\"fields\": [\"MDShooters Name\", \"Real Name\", \"EMail\"]}}]',11,1),(413,'2020-02-07 20:58:56.686593','17','2020-03-28 milesprower (Secondary: False) None [Show Listing = True]',2,'[]',11,1),(414,'2020-02-07 20:59:46.724373','69','2020-03-28 ansoliman (Secondary: True) None [Show Listing = True]',1,'[{\"added\": {}}]',11,1),(415,'2020-02-07 21:00:02.609549','50','2020-03-28 SLOT AVAILABLE (Secondary: True) None [Show Listing = True]',3,'',11,1),(416,'2020-02-08 00:04:19.695174','7','2020-02-07 Master Po talks about 6 little steps',1,'[{\"added\": {}}]',12,1),(417,'2020-02-08 00:04:53.485071','7','2020-02-07 Master Po talks about 6 little steps',2,'[{\"changed\": {\"fields\": [\"Body\"]}}]',12,1),(418,'2020-02-08 11:52:28.715359','65','2020-02-08 Elias (Secondary: False) 918-892-2618 [Show Listing = True]',2,'[]',11,1),(419,'2020-02-10 11:12:33.452135','65','2020-02-08 Elias (Secondary: False) 918-892-2618 [Show Listing = False]',2,'[{\"changed\": {\"fields\": [\"Show Listing\", \"Event Notes\"]}}]',11,1),(420,'2020-02-10 11:12:46.643602','65','2020-02-08 Elias (Secondary: False) 918-892-2618 [Show Listing = True]',2,'[{\"changed\": {\"fields\": [\"Show Listing\"]}}]',11,1),(421,'2020-02-10 19:51:24.754369','33','2020-03-21 SLOT AVAILABLE (Secondary: False) None [Show Listing = True]',2,'[{\"changed\": {\"fields\": [\"Desired Time Slot\"]}}]',11,1),(422,'2020-02-10 19:52:10.780333','4','2020-04-25 BigCity (Secondary: False) 443-974-0206 [Show Listing = False]',2,'[{\"changed\": {\"fields\": [\"Invite Date\", \"Show Listing\"]}}]',11,1),(423,'2020-02-10 19:52:26.230840','4','2020-04-25 BigCity (Secondary: False) 443-974-0206 [Show Listing = False]',2,'[{\"changed\": {\"fields\": [\"Event Notes\"]}}]',11,1),(424,'2020-02-10 19:53:00.746376','29','2020-02-15 Kimberly (Secondary: False) 202-391-1198 [Show Listing = False]',2,'[{\"changed\": {\"fields\": [\"Show Listing\", \"Event Notes\"]}}]',11,1),(425,'2020-02-11 00:37:44.509905','1','Westminster (39.57523 , -76.99604)',1,'[{\"added\": {}}]',19,1),(426,'2020-02-11 00:39:02.935265','2','Farm: Big Field Entrance (39.621048 , -77.028312)',1,'[{\"added\": {}}]',19,1),(427,'2020-02-11 00:40:03.240889','3','Farm: Big field near hunting hut (39.621044 , -77.029321)',1,'[{\"added\": {}}]',19,1),(428,'2020-02-11 00:40:47.032009','4','Farm: Party field 100y (39.622102 , -77.028001)',1,'[{\"added\": {}}]',19,1),(429,'2020-02-11 00:41:05.803979','2','Farm: Big field entrance (39.6210480 , -77.0283120)',2,'[{\"changed\": {\"fields\": [\"Nickname\"]}}]',19,1),(430,'2020-02-11 00:43:53.729032','1','2020-02-10 (Sven)',1,'[{\"added\": {}}]',20,1),(431,'2020-02-11 00:46:31.909969','1','2020-02-10 (Sven) - Shot: 1',1,'[{\"added\": {}}]',18,1),(432,'2020-02-11 00:46:42.505889','2','2020-02-10 (Sven) - Shot: 2',1,'[{\"added\": {}}]',18,1),(433,'2020-02-11 00:46:51.413871','3','2020-02-10 (Sven) - Shot: 3',1,'[{\"added\": {}}]',18,1),(434,'2020-02-11 00:52:37.349782','5','Iowa Farm: Orchard (42.102951 , -90.756856)',1,'[{\"added\": {}}]',19,1),(435,'2020-02-11 00:58:35.804357','2','2020-02-09 (Shamus)',1,'[{\"added\": {}}]',20,1),(436,'2020-02-11 00:58:57.950610','4','2020-02-09 (Shamus) - Shot: 1',1,'[{\"added\": {}}]',18,1),(437,'2020-02-11 23:46:25.521666','41','2020-02-22 SLOT AVAILABLE (Secondary: True) None [Show Listing = True]',3,'',11,1),(438,'2020-02-14 23:04:51.591197','23','Shamus - 223 Wylde - 69.0gr Sierra Matchking HPBT {1200 [22.2gr of IMR 3031]}',1,'[{\"added\": {}}]',9,1),(439,'2020-02-14 23:05:41.764058','24','Shamus - 223 Wylde - 52.0gr Sierra Matchking HPBT {1200 [24.3gr of IMR 3031]}',1,'[{\"added\": {}}]',9,1),(440,'2020-02-14 23:06:09.474058','25','Shamus - 223 Wylde - 75.0gr Hornady Match {1200 [23.0gr of Benchmark]}',1,'[{\"added\": {}}]',9,1),(441,'2020-02-14 23:06:32.536677','26','Shamus - 223 Wylde - 60.0gr Nosler Ballistic Tip: Varmint {1200 [23.0gr of Benchmark]}',1,'[{\"added\": {}}]',9,1),(442,'2020-02-14 23:08:23.773731','23','Shamus - 223 Wylde - 69.0gr Sierra Matchking HPBT {1200 [22.2gr of IMR 3031]}',2,'[{\"changed\": {\"fields\": [\"Is Sheriff Load\"]}}]',9,1),(443,'2020-02-14 23:08:53.980908','23','Shamus - 223 Wylde - 69.0gr Sierra Matchking HPBT {1200 [22.2gr of IMR 3031]}',2,'[{\"changed\": {\"fields\": [\"Is Sheriff Load\"]}}]',9,1),(444,'2020-02-15 00:01:35.541183','70','2020-02-15 Eric (Secondary: True) None [Show Listing = True]',1,'[{\"added\": {}}]',11,1),(445,'2020-02-15 00:01:52.821682','70','2020-02-15 Eric (Secondary: True) None [Show Listing = False]',2,'[{\"changed\": {\"fields\": [\"Show Listing\"]}}]',11,1),(446,'2020-02-18 15:37:39.700751','10','45-70 Gov',1,'[{\"added\": {}}]',13,1),(447,'2020-02-18 15:37:43.424981','11','Sven Uknown 45-70 gov 45-70 Gov',1,'[{\"added\": {}}]',14,1),(448,'2020-02-18 15:38:11.626815','17','500 Sven Lead cast powder coated',1,'[{\"added\": {}}]',8,1),(449,'2020-02-18 15:38:21.731896','27','Sven - 45-70 Gov - 500.0gr Sven Lead cast powder coated {750 [10gr of Trail Boss]}',1,'[{\"added\": {}}]',9,1),(450,'2020-02-21 12:28:26.937783','5','2020-02-22 rpker (Secondary: False) 301-659-3666 [Show Listing = False]',2,'[{\"changed\": {\"fields\": [\"Show Listing\", \"Event Notes\"]}}]',11,1),(451,'2020-02-21 12:28:37.884338','30','2020-02-22 Pinecone (Secondary: False) 443-255-4196 [Show Listing = False]',2,'[{\"changed\": {\"fields\": [\"Show Listing\", \"Event Notes\"]}}]',11,1),(452,'2020-02-21 12:29:24.531730','66','2020-02-22 GGGGOAT (Secondary: False) 4103714162 [Show Listing = True]',2,'[{\"changed\": {\"fields\": [\"Invite Secondary\"]}}]',11,1),(453,'2020-02-21 21:58:32.549648','66','2020-02-22 GGGGOAT (Secondary: False) 4103714162 [Show Listing = True]',2,'[]',11,1),(454,'2020-02-24 12:42:45.187630','18','110 Barnes TAC-TX',1,'[{\"added\": {}}]',8,1),(455,'2020-02-24 12:42:52.482521','18','110.0 Barnes TAC-TX',2,'[{\"changed\": {\"fields\": [\"Ballistic Coefficient\"]}}]',8,1),(456,'2020-02-24 12:43:00.045563','28','Sven - 300 WIN MAG - 110.0gr Barnes TAC-TX {3280 [71.0gr of IMR 4350]}',1,'[{\"added\": {}}]',9,1),(457,'2020-02-26 11:46:59.557336','12','2020-02-29 Magnumst (Secondary: False) 410-984-7217 [Show Listing = False]',2,'[{\"changed\": {\"fields\": [\"Show Listing\", \"Event Notes\"]}}]',11,1),(458,'2020-02-27 15:19:38.450686','73','2020-03-07 SLOT AVAILABLE (Secondary: False) None [Show Listing = True]',1,'[{\"added\": {}}]',11,1),(459,'2020-02-27 15:19:50.553278','74','2020-03-07 SLOT AVAILABLE (Secondary: False) None [Show Listing = True]',1,'[{\"added\": {}}]',11,1),(460,'2020-02-27 15:20:35.376448','75','2020-02-29 SLOT AVAILABLE (Secondary: False) None [Show Listing = True]',1,'[{\"added\": {}}]',11,1),(461,'2020-02-27 18:18:34.301614','19','110 Hornady V-Max',1,'[{\"added\": {}}]',8,1),(462,'2020-02-27 18:18:37.448486','29','Sven - 300 WIN MAG - 110.0gr Hornady V-Max {1200 [9000gr of IMR 4350]}',1,'[{\"added\": {}}]',9,1),(463,'2020-02-27 18:19:20.118662','29','Sven - 300 WIN MAG - 110.0gr Hornady V-Max {3650 [9000.0gr of IMR 4350]}',2,'[{\"changed\": {\"fields\": [\"Velocity\"]}}]',9,1),(464,'2020-02-27 18:19:43.258231','29','Sven - 300 WIN MAG - 110.0gr Hornady V-Max {3650 [9000.0gr of IMR 4350]}',3,'',9,1),(465,'2020-02-27 22:04:09.302738','27','2020-07-04 Tannerite Fun In The Sun (Secondary: False) None [Show Listing = True]',2,'[{\"changed\": {\"fields\": [\"Cancel Code\"]}}]',11,1),(466,'2020-02-27 22:04:18.820921','27','2020-07-04 Tannerite Fun In The Sun (Secondary: False) None [Show Listing = True]',2,'[{\"changed\": {\"fields\": [\"Cancel Code\"]}}]',11,1),(467,'2020-02-27 22:05:17.479130','12','2020-02-29 Magnumst (Secondary: False) 410-984-7217 [Show Listing = True]',2,'[{\"changed\": {\"fields\": [\"Show Listing\", \"Cancel Code\"]}}]',11,1),(468,'2020-02-27 22:05:49.369568','4','2020-04-25 BigCity (Secondary: False) 443-974-0206 [Show Listing = True]',2,'[{\"changed\": {\"fields\": [\"Show Listing\", \"Cancel Code\"]}}]',11,1),(469,'2020-02-28 00:27:17.294838','68','2020-03-14 GGGGOAT (Secondary: False) 410-371-4162 [Show Listing = True]',2,'[{\"changed\": {\"fields\": [\"Cancel Code\"]}}]',11,1),(470,'2020-02-28 00:27:30.159345','68','2020-03-14 GGGGOAT (Secondary: False) 410-371-4162 [Show Listing = True]',2,'[{\"changed\": {\"fields\": [\"Cancel Code\"]}}]',11,1),(471,'2020-03-02 12:38:52.726748','73','2020-03-07 Shamus (Secondary: False) 301 000 1234 [Show Listing = True]',2,'[{\"changed\": {\"fields\": [\"MDShooters Name\", \"Real Name\", \"Phone Number\", \"EMail\"]}}]',11,1),(472,'2020-03-02 12:39:25.628812','74','2020-03-07 Sarah (Secondary: False) 123 456 4567 [Show Listing = True]',2,'[{\"changed\": {\"fields\": [\"MDShooters Name\", \"Real Name\", \"Phone Number\"]}}]',11,1),(473,'2020-03-03 12:12:41.778025','68','2020-03-14 GGGGOAT (Secondary: False) 410-371-4162 [Show Listing = True]',2,'[{\"changed\": {\"fields\": [\"Cancel Code\"]}}]',11,1),(474,'2020-03-03 12:14:18.646620','11','2020-03-14 Clif (Secondary: False) 410-744-2878 [Show Listing = True]',2,'[{\"changed\": {\"fields\": [\"Cancel Code\"]}}]',11,1),(475,'2020-03-03 12:15:06.653704','33','2020-03-21 SLOT AVAILABLE (Secondary: False) None [Show Listing = True]',2,'[{\"changed\": {\"fields\": [\"Cancel Code\"]}}]',11,1),(476,'2020-03-03 12:15:41.326377','3','2020-03-21 RickInBoots (Secondary: False) 719-235-8977 [Show Listing = True]',2,'[{\"changed\": {\"fields\": [\"Cancel Code\", \"Event Notes\"]}}]',11,1),(477,'2020-03-03 12:16:31.973663','9','2020-04-11 hillbilly grandpa (Secondary: False) 443-668-0668 [Show Listing = True]',2,'[{\"changed\": {\"fields\": [\"Cancel Code\"]}}]',11,1),(478,'2020-03-03 12:23:58.355395','8','2020-04-11 rbird7282 (Secondary: False) 301-785-8927 [Show Listing = True]',2,'[{\"changed\": {\"fields\": [\"Cancel Code\"]}}]',11,1),(479,'2020-03-03 12:24:07.218326','25','2020-04-18 Balzer94 (Secondary: False) 240-446-2343 [Show Listing = True]',2,'[{\"changed\": {\"fields\": [\"Cancel Code\"]}}]',11,1),(480,'2020-03-03 12:24:16.608993','19','2020-04-18 mat (Secondary: False) 443-635-6373 [Show Listing = True]',2,'[{\"changed\": {\"fields\": [\"Cancel Code\"]}}]',11,1),(481,'2020-03-03 12:24:25.165606','10','2020-05-09 JohnnyE (Secondary: False) 202-285-0949 [Show Listing = True]',2,'[{\"changed\": {\"fields\": [\"Cancel Code\"]}}]',11,1),(482,'2020-03-03 12:25:11.449507','27','2020-07-04 Tannerite Fun In The Sun (Secondary: False) None [Show Listing = True]',3,'',11,1),(483,'2020-03-03 12:25:51.490972','32','2020-03-28 Swaim13 (Secondary: False) 240-678-5752 [Show Listing = True]',2,'[{\"changed\": {\"fields\": [\"Cancel Code\"]}}]',11,1),(484,'2020-03-03 12:26:32.070131','74','2020-03-21 Sarah (Secondary: False) 123 456 4567 [Show Listing = True]',2,'[{\"changed\": {\"fields\": [\"Invite Date\"]}}]',11,1),(485,'2020-03-03 12:26:45.258316','74','2020-03-21 Sarah (Secondary: False) 123 456 4567 [Show Listing = True]',2,'[{\"changed\": {\"fields\": [\"Desired Time Slot\"]}}]',11,1),(486,'2020-03-03 12:29:06.594242','76','2020-03-28 Christy (Secondary: False) 123 456 1234 [Show Listing = True]',1,'[{\"added\": {}}]',11,1),(487,'2020-03-03 12:29:22.691503','74','2020-03-21 Sarah (Secondary: False) 123 456 4567 [Show Listing = True]',2,'[{\"changed\": {\"fields\": [\"EMail\"]}}]',11,1),(488,'2020-03-03 13:46:31.114138','74','2020-03-21 Sarah (Secondary: False) 123 456 4567 [Show Listing = True]',2,'[{\"changed\": {\"fields\": [\"Real Name\"]}}]',11,1),(489,'2020-03-03 13:46:45.474337','76','2020-03-28 Christy (Secondary: False) 123 456 1234 [Show Listing = True]',2,'[{\"changed\": {\"fields\": [\"Real Name\"]}}]',11,1),(490,'2020-03-06 22:00:39.737409','30','Sven - 22-250 Winchester - 52.0gr Sierra Matchking HPBT {9000 [33gr of IMR 3031]}',1,'[{\"added\": {}}]',9,1),(491,'2020-03-06 22:04:30.767393','30','Sven - 22-250 Winchester - 52.0gr Sierra Matchking HPBT {3474 [33.0gr of IMR 3031]}',2,'[{\"changed\": {\"fields\": [\"Velocity\"]}}]',9,1),(492,'2020-03-06 22:16:14.111595','1','Westminster (39.5752300 , -76.9960400)',3,'',19,1),(493,'2020-03-06 22:17:12.690641','3','2020-03-07 Shamus @ Farm: Big field entrance (39.6210480 , -77.0283120) [Using: Shamus - 223 Wylde - 52.0gr Sierra Matchking HPBT {3260 [24.3gr of IMR 3031]}]',1,'[{\"added\": {}}]',20,1),(494,'2020-03-06 22:17:17.308740','3','2020-03-07 Shamus @ Farm: Big field entrance (39.6210480 , -77.0283120) [Using: Shamus - 223 Wylde - 52.0gr Sierra Matchking HPBT {3260 [24.3gr of IMR 3031]}]',2,'[]',20,1),(495,'2020-03-06 22:17:38.901866','5','2020-03-07 Shamus @ Farm: Big field entrance (39.6210480 , -77.0283120) [Using: Shamus - 223 Wylde - 52.0gr Sierra Matchking HPBT {3260 [24.3gr of IMR 3031]}] - Shot: 1',1,'[{\"added\": {}}]',18,1),(496,'2020-03-08 15:40:56.882215','1','Sven Savage 110 BA Stealth 300 WIN MAG',2,'[{\"changed\": {\"fields\": [\"Clicks from bottom to zero\"]}}]',14,1),(497,'2020-03-08 15:41:03.191630','4','Sven Ruger American Predator 22-250 Winchester',2,'[{\"changed\": {\"fields\": [\"Clicks from bottom to zero\"]}}]',14,1),(498,'2020-03-08 15:41:10.380681','5','Sven AR-15 AR-15 223 Wylde',2,'[{\"changed\": {\"fields\": [\"Clicks from bottom to zero\"]}}]',14,1),(499,'2020-03-08 15:41:16.591817','3','Sven Ruger American Standard 308 Winchester',2,'[{\"changed\": {\"fields\": [\"Clicks from bottom to zero\"]}}]',14,1),(500,'2020-03-08 15:41:29.635837','8','Sven Dan Wesson Revolver 357 Magnum',2,'[{\"changed\": {\"fields\": [\"Clicks from bottom to zero\"]}}]',14,1),(501,'2020-03-08 15:41:36.096974','11','Sven Uknown 45-70 gov 45-70 Gov',2,'[{\"changed\": {\"fields\": [\"Clicks from bottom to zero\"]}}]',14,1),(502,'2020-03-08 15:41:43.781111','9','Sven Beretta 92FS 9MM Parabellum',2,'[{\"changed\": {\"fields\": [\"Clicks from bottom to zero\"]}}]',14,1),(503,'2020-03-08 15:41:50.260007','7','PRIVATE Some Kind M1 Carbine 30 Carbine',2,'[{\"changed\": {\"fields\": [\"Clicks from bottom to zero\"]}}]',14,1),(504,'2020-03-08 15:42:01.283632','10','Shamus AR-15 AR-15 223 Wylde',2,'[{\"changed\": {\"fields\": [\"Clicks from bottom to zero\"]}}]',14,1),(505,'2020-03-08 15:42:10.072498','6','Shamus AR-15 AR-15 300 BLK',2,'[{\"changed\": {\"fields\": [\"Clicks from bottom to zero\"]}}]',14,1),(506,'2020-03-08 15:42:16.626288','2','Shamus German Axis K98k 8mm Mauser',2,'[{\"changed\": {\"fields\": [\"Clicks from bottom to zero\"]}}]',14,1),(507,'2020-03-08 16:30:12.534829','1','Sven Savage 110 BA Stealth 300 WIN MAG',2,'[{\"changed\": {\"fields\": [\"Clicks from bottom to zero\"]}}]',14,1),(508,'2020-03-08 16:30:25.880572','1','Sven Savage 110 BA Stealth 300 WIN MAG',2,'[{\"changed\": {\"fields\": [\"Clicks from bottom to zero\"]}}]',14,1),(509,'2020-03-09 23:51:37.410037','10','Shamus AR-15 AR-15 223 Wylde',2,'[{\"changed\": {\"fields\": [\"Extra info\"]}}]',14,1),(510,'2020-03-10 00:11:37.744866','7','PRIVATE Some Kind M1 Carbine 30 Carbine',2,'[{\"changed\": {\"fields\": [\"Clicks from bottom to zero elevation\", \"Extra info\"]}}]',14,1),(511,'2020-03-10 00:12:04.270703','8','Sven Dan Wesson Revolver 357 Magnum',2,'[{\"changed\": {\"fields\": [\"Clicks from bottom to zero elevation\"]}}]',14,1),(512,'2020-03-10 00:12:19.059702','11','Sven Uknown 45-70 gov 45-70 Gov',2,'[{\"changed\": {\"fields\": [\"Clicks from bottom to zero elevation\"]}}]',14,1),(513,'2020-03-10 00:12:29.537979','9','Sven Beretta 92FS 9MM Parabellum',2,'[{\"changed\": {\"fields\": [\"Clicks from bottom to zero elevation\"]}}]',14,1),(514,'2020-03-10 00:13:22.015240','26','Drak',1,'[{\"added\": {}}]',4,1),(515,'2020-03-10 00:13:47.303728','27','Lady',1,'[{\"added\": {}}]',4,1),(516,'2020-03-10 00:14:04.738490','11','Drak Uknown 45-70 gov 45-70 Gov',2,'[{\"changed\": {\"fields\": [\"Owner\"]}}]',14,1),(517,'2020-03-10 00:14:13.995831','8','Lady Dan Wesson Revolver 357 Magnum',2,'[{\"changed\": {\"fields\": [\"Owner\"]}}]',14,1),(518,'2020-03-10 00:16:35.787843','5','Sven AR-15 AR-15 223 Wylde',2,'[{\"changed\": {\"fields\": [\"Extra info\"]}}]',14,1),(519,'2020-03-10 16:10:13.013104','5','Shamus',2,'[{\"changed\": {\"fields\": [\"Groups\", \"User permissions\"]}}]',4,1),(520,'2020-03-10 16:10:32.895969','5','Shamus',2,'[{\"changed\": {\"fields\": [\"password\"]}}]',4,1),(521,'2020-03-10 16:22:24.220799','7','Sven Some Kind M1 Carbine 30 Carbine',2,'[{\"changed\": {\"fields\": [\"Owner\"]}}]',14,5),(522,'2020-03-10 16:22:41.184104','7','Lady Some Kind M1 Carbine 30 Carbine',2,'[{\"changed\": {\"fields\": [\"Owner\"]}}]',14,5),(523,'2020-03-10 22:41:05.315810','4','Feature request (ends March 21st 2020)',1,'[{\"added\": {}}, {\"added\": {\"name\": \"choice\", \"object\": \"Create Account\"}}, {\"added\": {\"name\": \"choice\", \"object\": \"Simple Blog\"}}, {\"added\": {\"name\": \"choice\", \"object\": \"Theme Change: Dark\"}}, {\"added\": {\"name\": \"choice\", \"object\": \"Theme Change: Light (not white)\"}}]',17,1),(524,'2020-03-10 22:41:37.131061','4','Feature request (ends March 21st 2020)',2,'[{\"added\": {\"name\": \"choice\", \"object\": \"Poll Vote Restrictions\"}}]',17,1),(525,'2020-03-10 22:42:12.624530','4','Feature request (ends March 21st 2020)',2,'[{\"added\": {\"name\": \"choice\", \"object\": \"Poll show expiration vs hard-coding expiration into title.\"}}]',17,1),(526,'2020-03-10 22:59:47.999488','4','Feature request',2,'[{\"changed\": {\"fields\": [\"Question\"]}}, {\"deleted\": {\"name\": \"choice\", \"object\": \"Poll show expiration vs hard-coding expiration into title.\"}}]',17,1),(527,'2020-03-11 01:11:05.533682','13','2020-03-03 Obligations',2,'[{\"changed\": {\"fields\": [\"Is Sticky\"]}}]',12,1),(528,'2020-03-11 01:11:14.432430','10','2020-02-22 100+ Virgin',2,'[{\"changed\": {\"fields\": [\"Is Sticky\"]}}]',12,1),(529,'2020-03-11 14:08:33.437904','5','Shamus',2,'[{\"changed\": {\"fields\": [\"User permissions\"]}}]',4,1),(530,'2020-03-12 13:57:39.027767','3','2020-03-21 RickInBoots (Secondary: False) 719-235-8977 [Show Listing = True]',2,'[{\"changed\": {\"fields\": [\"Cancel Code\", \"Event Notes\"]}}]',11,1),(531,'2020-03-12 20:45:18.934462','14','2020-03-10 No Logins',1,'[{\"added\": {}}]',12,1),(532,'2020-03-12 20:45:42.981928','13','2020-03-03 Obligations',2,'[{\"changed\": {\"fields\": [\"Body\"]}}]',12,1),(533,'2020-03-12 20:47:28.509322','6','2020-02-06 Created Accounts',3,'',12,1),(534,'2020-03-12 23:35:54.715141','28','farmguest',1,'[{\"added\": {}}]',4,1),(535,'2020-03-12 23:36:11.747780','28','farmguest',2,'[]',4,1),(536,'2020-03-12 23:40:27.712542','18','RickInBoots',2,'[{\"changed\": {\"fields\": [\"password\"]}}]',4,1),(537,'2020-03-12 23:42:28.471683','18','RickInBoots',2,'[{\"changed\": {\"fields\": [\"Staff status\"]}}]',4,1),(538,'2020-03-12 23:42:59.288553','3','default_access',1,'[{\"added\": {}}]',3,1),(539,'2020-03-12 23:43:10.170824','3','default_access',2,'[{\"changed\": {\"fields\": [\"Permissions\"]}}]',3,1),(540,'2020-03-12 23:44:00.646397','18','RickInBoots',2,'[{\"changed\": {\"fields\": [\"Groups\"]}}]',4,1),(541,'2020-03-12 23:44:43.657010','18','RickInBoots',2,'[{\"changed\": {\"fields\": [\"password\"]}}]',4,1),(542,'2020-03-12 23:48:01.231209','3','default_access',2,'[{\"changed\": {\"fields\": [\"Permissions\"]}}]',3,1),(543,'2020-03-12 23:49:19.338670','3','default_access',2,'[{\"changed\": {\"fields\": [\"Permissions\"]}}]',3,1),(544,'2020-03-12 23:59:46.186575','4','2020-03-12 Sven @ Farm: Big field entrance (39.6210480 , -77.0283120) [Using: Sven - 22-250 Winchester - 69.0gr Sierra Matchking HPBT {3068 [39.0gr of IMR 4350]}]',1,'[{\"added\": {}}]',20,1),(545,'2020-03-13 00:16:37.610519','5','Shamus',2,'[{\"changed\": {\"fields\": [\"User permissions\"]}}]',4,1),(546,'2020-03-13 00:19:16.848334','6','Farm: Small field ghog hole (39.621046 , -77.029891)',1,'[{\"added\": {}}]',19,1),(547,'2020-03-13 00:20:36.439667','7','Farm: South Ridge Ghog Hole (39.616439 , -77.030152)',1,'[{\"added\": {}}]',19,1),(548,'2020-03-13 00:21:37.391636','8','Farm: Big Field Animal Highway (39.617216 , -77.028135)',1,'[{\"added\": {}}]',19,1),(549,'2020-03-13 00:22:26.564095','9','Farm: Big Field Alcove Ghog Hole (39.619938 , -77.028111)',1,'[{\"added\": {}}]',19,1),(550,'2020-03-13 00:23:54.347031','10','Farm: Big Field Blind Ghog Hole (39.620372 , -77.028103)',1,'[{\"added\": {}}]',19,1),(551,'2020-03-13 00:24:52.689624','11','Farm: Small Field Fox Den (39.622221 , -77.029203)',1,'[{\"added\": {}}]',19,1),(552,'2020-03-13 00:25:55.721051','12','Farm: Party Field GHog Hole (39.622405 , -77.028084)',1,'[{\"added\": {}}]',19,1),(553,'2020-03-13 00:27:50.622391','13','Farm: Big Field Pear Tree (39.5619483 , -77.029379)',1,'[{\"added\": {}}]',19,1),(554,'2020-03-15 23:00:21.905793','1','Big Field: Pear Tree (39.5619483 , -77.0293790)',1,'[{\"added\": {}}]',21,1),(555,'2020-03-15 23:01:01.759869','2','Big Field: South Ridge Ghog Hole (39.6164390 , -77.0301520)',1,'[{\"added\": {}}]',21,1),(556,'2020-03-15 23:01:35.715373','3','Big Field: Animal Highway (39.6172160 , -77.0281350)',1,'[{\"added\": {}}]',21,1),(557,'2020-03-15 23:02:11.131094','4','Big Field: Alcove Ghog Hole (39.6199380 , -77.0281110)',1,'[{\"added\": {}}]',21,1),(558,'2020-03-15 23:03:40.684952','5','Small Field: ghog hole (39.6210460 , -77.0298910)',1,'[{\"added\": {}}]',21,1),(559,'2020-03-15 23:06:26.786063','6','Small Field: Fox Den (39.6222210 , -77.0292030)',1,'[{\"added\": {}}]',21,1),(560,'2020-03-15 23:07:31.724877','7','Party Field: Mid Field Tree (39.6224050 , -77.0280840)',1,'[{\"added\": {}}]',21,1),(561,'2020-03-15 23:10:01.579014','5','Shamus',2,'[{\"changed\": {\"fields\": [\"User permissions\"]}}]',4,1),(562,'2020-03-15 23:11:28.789095','4','groundhog_logbook_admin',1,'[{\"added\": {}}]',3,1),(563,'2020-03-16 01:16:22.818845','1','2020-03-15 - Sven (260 yards from \'Big Field: Alcove Ghog Hole\')',1,'[{\"added\": {}}]',22,1),(564,'2020-03-17 19:22:23.052488','17','2020-03-28 milesprower (Secondary: False) 240-676-5488 [Show Listing = True]',2,'[{\"changed\": {\"fields\": [\"Phone Number\"]}}]',11,1),(565,'2020-03-20 23:25:15.681502','8','Farm: Random (39.617192 LAT , -77.030289 LONG)',1,'[{\"added\": {}}]',21,1),(566,'2020-03-20 23:25:39.817428','9','Farm: Random (39.616523 LAT , -77.030048 LONG)',1,'[{\"added\": {}}]',21,1),(567,'2020-03-20 23:26:47.276546','10','Farm: Random (39.617116 LAT , -77.029724 LONG)',1,'[{\"added\": {}}]',21,1),(568,'2020-03-20 23:27:19.657903','11','Farm: After Dropoff (39.617659 LAT , -77.028838 LONG)',1,'[{\"added\": {}}]',21,1),(569,'2020-03-20 23:27:50.876553','12','Farm: 2x Ghoghole (39.616756 LAT , -77.029127 LONG)',1,'[{\"added\": {}}]',21,1),(570,'2020-03-20 23:29:15.841716','9','Farm: Random 1 (39.6165230 LAT , -77.0300480 LONG)',2,'[{\"changed\": {\"fields\": [\"Nickname\"]}}]',21,1),(571,'2020-03-20 23:29:19.741002','8','Farm: Random 2 (39.6171920 LAT , -77.0302890 LONG)',2,'[{\"changed\": {\"fields\": [\"Nickname\"]}}]',21,1),(572,'2020-03-20 23:29:23.774520','10','Farm: Random 3 (39.6171160 LAT , -77.0297240 LONG)',2,'[{\"changed\": {\"fields\": [\"Nickname\"]}}]',21,1),(573,'2020-03-21 00:00:57.229592','12','Big Field: Just Into Woods (2x) (39.6167560 LAT , -77.0291270 LONG)',2,'[{\"changed\": {\"fields\": [\"Nickname\"]}}]',21,1),(574,'2020-03-21 00:01:15.143673','11','BigField: After Dropoff (39.6176590 LAT , -77.0288380 LONG)',2,'[{\"changed\": {\"fields\": [\"Nickname\"]}}]',21,1),(575,'2020-03-21 00:01:20.568755','11','Big Field: After Dropoff (39.6176590 LAT , -77.0288380 LONG)',2,'[{\"changed\": {\"fields\": [\"Nickname\"]}}]',21,1),(576,'2020-03-21 00:02:10.318383','9','Ridge Field: South Edge (39.6165230 LAT , -77.0300480 LONG)',2,'[{\"changed\": {\"fields\": [\"Nickname\"]}}]',21,1),(577,'2020-03-21 00:03:22.993477','8','Ridge Field: Sit Spot (39.6171920 LAT , -77.0302890 LONG)',2,'[{\"changed\": {\"fields\": [\"Nickname\"]}}]',21,1),(578,'2020-03-21 00:04:33.187516','10','Ridge Field: East Southern Section (39.6171160 LAT , -77.0297240 LONG)',2,'[{\"changed\": {\"fields\": [\"Nickname\"]}}]',21,1),(579,'2020-03-21 00:11:01.419447','13','Blueberry Hill: South Woods, North of crops (39.622366 LAT , -77.024268 LONG)',1,'[{\"added\": {}}]',21,1),(580,'2020-03-21 00:12:04.734019','14','Blueberry Hill: Woods Near Camp Site (39.622489 LAT , -77.023667 LONG)',1,'[{\"added\": {}}]',21,1),(581,'2020-03-21 00:13:54.520803','15','Party Field: 9 O\'Clock of Shade Tree (39.622454 LAT , -77.028572 LONG)',1,'[{\"added\": {}}]',21,1),(582,'2020-03-21 00:14:03.870104','7','Party Field: Shade Tree (39.6224050 LAT , -77.0280840 LONG)',2,'[{\"changed\": {\"fields\": [\"Nickname\"]}}]',21,1),(583,'2020-03-21 00:14:42.276902','16','Party Field: 3 O\'Clock of Shade Tree (39.622432 LAT , -77.027912 LONG)',1,'[{\"added\": {}}]',21,1),(584,'2020-03-21 00:15:28.555419','17','Garden: West Edge (39.621591 LAT , -77.027052 LONG)',1,'[{\"added\": {}}]',21,1),(585,'2020-03-21 00:16:08.283832','18','Barn: South corner Near foot path (39.621234 LAT , -77.027660 LONG)',1,'[{\"added\": {}}]',21,1),(586,'2020-03-21 00:16:46.463138','4','Big Field: Alcove (39.6199380 LAT , -77.0281110 LONG)',2,'[{\"changed\": {\"fields\": [\"Nickname\"]}}]',21,1),(587,'2020-03-21 00:17:04.847897','2','Big Field: South Ridge (39.6164390 LAT , -77.0301520 LONG)',2,'[{\"changed\": {\"fields\": [\"Nickname\"]}}]',21,1),(588,'2020-03-21 00:18:02.658909','5','Small Field: South Side near tractor road (39.6210460 LAT , -77.0298910 LONG)',2,'[{\"changed\": {\"fields\": [\"Nickname\"]}}]',21,1),(589,'2020-03-21 00:22:17.035964','5','Are you more fearful of COVID-19 or the chaos that comes from it?',1,'[{\"added\": {}}, {\"added\": {\"name\": \"choice\", \"object\": \"COVID-19\"}}, {\"added\": {\"name\": \"choice\", \"object\": \"Chaos that comes as a side affect (tp shortages, food shortages, rioting, looting etc etc)\"}}, {\"added\": {\"name\": \"choice\", \"object\": \"Neither, homey don\'t play that.\"}}]',17,1),(590,'2020-03-21 00:48:42.164405','1','[True] - I wonder what movies COVID-19 will bring to my tv.',1,'[{\"added\": {}}]',23,1),(591,'2020-03-21 00:50:10.207040','1','[True] - I wonder what movies COVID-19 will bring to my TV. Farm invites after 3/30/2020 are canceled until further notice.',2,'[{\"changed\": {\"fields\": [\"Blurb\"]}}]',23,1),(592,'2020-03-21 00:51:17.049379','1','[True] - Farm invites after 3/30/2020 are canceled until further notice. We need to stop thinking \"I can\'t catch this\" to \"I have this and don\'t want to give it to others.\"',2,'[{\"changed\": {\"fields\": [\"Blurb\"]}}]',23,1),(593,'2020-03-21 01:33:01.016772','1','[1] - load_data/loads/',1,'[{\"added\": {}}]',24,1),(594,'2020-03-21 01:33:25.978507','2','[2] - load_data/foot_pound_calculator/',1,'[{\"added\": {}}]',24,1),(595,'2020-03-21 01:34:01.600567','3','[3] - shooting_logbook/six_steps/',1,'[{\"added\": {}}]',24,1),(596,'2020-03-21 01:34:24.670267','4','[4] - shooting_logbook/reading_wind_mirage/',1,'[{\"added\": {}}]',24,1),(597,'2020-03-21 01:36:08.556423','5','[5] - load_data/firearm_detail/',1,'[{\"added\": {}}]',24,1),(598,'2020-03-21 01:36:51.108788','18','2020-03-20 Rifleman\'s Creed',1,'[{\"added\": {}}]',12,1),(599,'2020-03-21 01:37:54.020472','5','[5] - load_data/firearm_detail/',2,'[{\"changed\": {\"fields\": [\"Blurb\"]}}]',24,1),(600,'2020-03-21 01:38:10.899999','5','[5] - load_data/firearm_detail/',2,'[{\"changed\": {\"fields\": [\"Blurb\"]}}]',24,1),(601,'2020-03-21 01:38:45.974776','5','[5] - load_data/firearm_detail/',2,'[{\"changed\": {\"fields\": [\"Blurb\"]}}]',24,1),(602,'2020-03-21 01:39:49.547504','6','[6] - load_data/estimated_dope/',1,'[{\"added\": {}}]',24,1),(603,'2020-03-21 01:40:10.009270','6','[6] - load_data/estimated_dope/',2,'[{\"changed\": {\"fields\": [\"Blurb\"]}}]',24,1),(604,'2020-03-21 01:41:39.283578','7','[7] - news/',1,'[{\"added\": {}}]',24,1),(605,'2020-03-21 01:43:01.165203','19','2020-03-20 Added database driven blurbs',1,'[{\"added\": {}}]',12,1),(606,'2020-03-23 19:41:02.047457','5','Shamus',2,'[]',4,1),(607,'2020-03-23 22:56:53.217851','8','[8] - /',1,'[{\"added\": {}}]',24,1),(608,'2020-03-23 23:16:45.436079','9','[9] - /days_since?input_date=10/22/2019',1,'[{\"added\": {}}]',24,1),(609,'2020-03-23 23:17:20.422984','10','[10] - /days_since?input_date=11/2/2019',1,'[{\"added\": {}}]',24,1),(610,'2020-03-23 23:17:59.808570','11','[11] - /days_since?input_date=3/18/2020',1,'[{\"added\": {}}]',24,1),(611,'2020-03-23 23:25:17.866077','12','[12] - /news/detail/18',1,'[{\"added\": {}}]',24,1),(612,'2020-03-23 23:26:15.148909','13','[13] - /news/detail/21',1,'[{\"added\": {}}]',24,1),(613,'2020-03-24 11:21:29.869409','5','Shamus',2,'[{\"changed\": {\"fields\": [\"Groups\", \"User permissions\"]}}]',4,1),(614,'2020-03-26 19:03:40.886507','2','2020-03-26 - Sven (302 yards from \'Big Field: Alcove\')',1,'[{\"added\": {}}]',22,1),(615,'2020-03-26 19:28:33.901085','19','BigField: FarAlcove (39.6184733 LAT , -77.0276919 LONG)',1,'[{\"added\": {}}]',21,1),(616,'2020-03-26 19:29:00.502777','2','2020-03-26 - Sven (302 yards from \'BigField: FarAlcove\')',2,'[{\"changed\": {\"fields\": [\"Location\"]}}]',22,1),(617,'2020-03-28 11:15:52.582459','1','IMR 4350',2,'[{\"changed\": {\"fields\": [\"Buy link\"]}}]',7,1),(618,'2020-03-28 11:16:19.738659','2','IMR 4064',2,'[{\"changed\": {\"fields\": [\"Buy link\"]}}]',7,1),(619,'2020-03-28 11:16:27.570051','4','IMR 3031',2,'[{\"changed\": {\"fields\": [\"Buy link\"]}}]',7,1),(620,'2020-03-28 11:17:33.219566','3','Benchmark',2,'[{\"changed\": {\"fields\": [\"Buy link\"]}}]',7,1),(621,'2020-03-28 11:18:10.960318','5','Lil Gun',2,'[{\"changed\": {\"fields\": [\"Buy link\"]}}]',7,1),(622,'2020-03-28 11:19:13.072965','6','HS-6',2,'[{\"changed\": {\"fields\": [\"Buy link\"]}}]',7,1),(623,'2020-03-28 11:20:09.649423','9','H110',2,'[{\"changed\": {\"fields\": [\"Name\", \"Buy link\"]}}]',7,1),(624,'2020-03-28 11:20:46.764989','7','Trail Boss',2,'[{\"changed\": {\"fields\": [\"Buy link\"]}}]',7,1),(625,'2020-03-28 11:21:31.113233','10','Bullseye',2,'[{\"changed\": {\"fields\": [\"Buy link\"]}}]',7,1),(626,'2020-03-28 11:22:01.022484','8','Alliant 2400',2,'[{\"changed\": {\"fields\": [\"Buy link\"]}}]',7,1),(627,'2020-03-28 11:27:15.273512','16','220.0 Hornady ELD-X',2,'[{\"changed\": {\"fields\": [\"Buy link\"]}}]',8,1),(628,'2020-03-28 11:33:23.216494','18','110.0 Barnes TAC-TX',2,'[{\"changed\": {\"fields\": [\"Buy link\"]}}]',8,1),(629,'2020-03-28 11:34:42.352538','3','52.0 Sierra Matchking HPBT',2,'[{\"changed\": {\"fields\": [\"Buy link\"]}}]',8,1),(630,'2020-03-28 11:36:07.618737','4','55.0 Nosler Ballistic Tip: Varmint',2,'[{\"changed\": {\"fields\": [\"Buy link\"]}}]',8,1),(631,'2020-03-28 11:36:58.027042','1','50.0 Barnes Varmint Grenade',2,'[{\"changed\": {\"fields\": [\"Buy link\"]}}]',8,1),(632,'2020-03-28 11:37:40.558584','5','60.0 Nosler Ballistic Tip: Varmint',2,'[{\"changed\": {\"fields\": [\"Buy link\"]}}]',8,1),(633,'2020-03-28 11:38:40.331843','5','60.0 Nosler Ballistic Tip: Varmint',2,'[{\"changed\": {\"fields\": [\"Buy link\"]}}]',8,1),(634,'2020-03-28 11:39:31.315175','6','69.0 Sierra Matchking HPBT',2,'[{\"changed\": {\"fields\": [\"Buy link\"]}}]',8,1),(635,'2020-03-28 11:40:48.936191','14','168.0 Hornady A-Max',2,'[{\"changed\": {\"fields\": [\"Buy link\"]}}]',8,1),(636,'2020-03-28 11:41:23.426334','12','155.0 Hornady A-Max',2,'[{\"changed\": {\"fields\": [\"Buy link\"]}}]',8,1),(637,'2020-03-28 11:43:47.356220','11','150.0 Speer Hot Core',2,'[{\"changed\": {\"fields\": [\"Buy link\"]}}]',8,1),(638,'2020-03-28 11:45:43.711064','7','75.0 Hornady Match',2,'[{\"changed\": {\"fields\": [\"Buy link\"]}}]',8,1),(639,'2020-03-28 11:54:07.773553','6','[6] - load_data/estimated_dope/',2,'[{\"changed\": {\"fields\": [\"Blurb\"]}}]',24,1),(640,'2020-03-28 11:55:13.134739','1','[1] - load_data/loads/',2,'[{\"changed\": {\"fields\": [\"Blurb\"]}}]',24,1),(641,'2020-03-28 11:59:39.718499','14','[14] - /news/detail/22',1,'[{\"added\": {}}]',24,1),(642,'2020-03-28 12:00:23.595647','15','[15] - /news/detail/23',1,'[{\"added\": {}}]',24,1),(643,'2020-03-28 12:12:00.743020','4','Sven Ruger American Predator 22-250 Winchester',2,'[{\"changed\": {\"fields\": [\"Clicks from bottom to zero elevation\"]}}]',14,1),(644,'2020-03-28 12:12:09.833453','4','Sven Ruger American Predator 22-250 Winchester',2,'[{\"changed\": {\"fields\": [\"Clicks from bottom to zero windage\"]}}]',14,1),(645,'2020-03-28 12:12:50.286133','4','Sven Ruger American Predator 22-250 Winchester',2,'[{\"changed\": {\"fields\": [\"Clicks from bottom to zero elevation\", \"Clicks from bottom to zero windage\"]}}]',14,1),(646,'2020-03-28 12:17:39.441756','4','Sven Ruger American Predator 22-250 Winchester',2,'[{\"changed\": {\"fields\": [\"Clicks from bottom to zero elevation\", \"Clicks from bottom to zero windage\"]}}]',14,1),(647,'2020-03-28 12:21:35.881995','3','Sven Ruger American Standard 308 Winchester',2,'[{\"changed\": {\"fields\": [\"Clicks from bottom to zero elevation\", \"Clicks from bottom to zero windage\"]}}]',14,1),(648,'2020-03-28 12:21:49.066456','3','Sven Ruger American Standard 308 Winchester',2,'[{\"changed\": {\"fields\": [\"Clicks from bottom to zero elevation\", \"Clicks from bottom to zero windage\"]}}]',14,1),(649,'2020-03-28 12:57:44.424464','4','Sven Ruger American Predator 22-250 Winchester',2,'[{\"changed\": {\"fields\": [\"Clicks from bottom to zero elevation\", \"Clicks from bottom to zero windage\"]}}]',14,1),(650,'2020-03-30 14:19:48.485239','20','BigField: Near road NORTHWEST (39.6210615 LAT , -77.0290055 LONG)',1,'[{\"added\": {}}]',21,1),(651,'2020-03-30 14:20:46.618228','3','2020-03-30 - Sven (20 yards from \'BigField: Near road NORTHWEST\')',1,'[{\"added\": {}}]',22,1),(652,'2020-03-30 14:21:26.496651','3','2020-03-30 - Sven (20 yards from \'BigField: Near road NORTHWEST\')',2,'[{\"changed\": {\"fields\": [\"Load\"]}}]',22,1),(653,'2020-03-31 20:46:40.746557','4','Sven Ruger American Predator 22-250 Winchester',2,'[{\"changed\": {\"fields\": [\"Clicks from bottom to zero elevation\", \"Extra info\"]}}]',14,1),(654,'2020-03-31 20:48:34.623802','4','Sven Ruger American Predator 22-250 Winchester',2,'[{\"changed\": {\"fields\": [\"Extra info\"]}}]',14,1),(655,'2020-03-31 20:48:43.193144','4','Sven Ruger American Predator 22-250 Winchester',2,'[{\"changed\": {\"fields\": [\"Extra info\"]}}]',14,1),(656,'2020-03-31 20:49:53.944464','4','Sven Ruger American Predator 22-250 Winchester',2,'[{\"changed\": {\"fields\": [\"Extra info\"]}}]',14,1),(657,'2020-03-31 23:48:06.434769','12','357 Sig',2,'[{\"changed\": {\"fields\": [\"Is approved\"]}}]',13,1),(658,'2020-03-31 23:49:16.498003','11','Egg Sample',3,'',13,1),(659,'2020-03-31 23:51:23.679322','13','357 Sig',3,'',13,1),(660,'2020-03-31 23:59:07.794377','14','38 special',2,'[{\"changed\": {\"fields\": [\"Is approved\"]}}]',13,1),(661,'2020-03-31 23:59:11.590276','15','5.7 FN',2,'[{\"changed\": {\"fields\": [\"Is approved\"]}}]',13,1),(662,'2020-04-01 00:02:31.108592','16','458 SOCOM',2,'[{\"changed\": {\"fields\": [\"Is approved\"]}}]',13,1),(663,'2020-04-01 00:03:37.185761','17','357 MAGNUM (Pending Approval)',3,'',13,1),(664,'2020-04-01 00:04:07.019261','14','38 special',2,'[{\"changed\": {\"fields\": [\"Diameter\"]}}]',13,1),(665,'2020-04-01 00:05:12.767764','14','38 special',2,'[{\"changed\": {\"fields\": [\"Diameter\"]}}]',13,1),(666,'2020-04-01 00:05:17.480407','8','357 Magnum',2,'[]',13,1),(667,'2020-04-01 00:05:21.869689','12','357 Sig',2,'[{\"changed\": {\"fields\": [\"Diameter\"]}}]',13,1),(668,'2020-04-01 00:06:26.750452','16','[16] - load_data/toolbox/create_caliber/',1,'[{\"added\": {}}]',24,1),(669,'2020-04-01 00:06:44.547335','16','[16] - load_data/toolbox/create_caliber/',2,'[{\"changed\": {\"fields\": [\"Blurb\"]}}]',24,1),(670,'2020-04-01 00:23:46.821206','18','17 HMR',2,'[{\"changed\": {\"fields\": [\"Is approved\"]}}]',13,1),(671,'2020-04-01 00:23:50.606762','19','22 Long Rifle',2,'[{\"changed\": {\"fields\": [\"Is approved\"]}}]',13,1),(672,'2020-04-01 00:23:54.314224','20','22 Rifle',2,'[{\"changed\": {\"fields\": [\"Is approved\"]}}]',13,1),(673,'2020-04-01 00:23:57.685380','21','22 Short',2,'[{\"changed\": {\"fields\": [\"Is approved\"]}}]',13,1),(674,'2020-04-01 00:24:27.795411','18','17 HMR',2,'[{\"changed\": {\"fields\": [\"Diameter\"]}}]',13,1),(675,'2020-04-01 00:35:17.931004','17','[17] - groundhog_logbook/by_shooter/',1,'[{\"added\": {}}]',24,1),(676,'2020-04-01 00:39:42.517330','17','[17] - groundhog_logbook/by_shooter/',2,'[{\"changed\": {\"fields\": [\"Blurb\"]}}]',24,1),(677,'2020-04-01 01:01:54.317108','5','Shamus',2,'[{\"changed\": {\"fields\": [\"Staff status\"]}}]',4,1),(678,'2020-04-01 02:03:55.403065','18','[18] - groundhog_logbook/removal_scoreboard/',1,'[{\"added\": {}}]',24,1),(679,'2020-04-01 18:31:46.963134','18','[18] - groundhog_logbook/removal_scoreboard/',2,'[{\"changed\": {\"fields\": [\"Blurb\"]}}]',24,1),(680,'2020-04-01 18:38:26.041385','4','2019-03-16 - Shamus (175 yards from \'Big Field: Animal Highway\')',1,'[{\"added\": {}}]',22,1),(681,'2020-04-01 19:36:33.328431','18','[18] - groundhog_logbook/removal_scoreboard/',2,'[{\"changed\": {\"fields\": [\"Blurb\"]}}]',24,1),(682,'2020-04-01 19:42:48.288774','22','sample test (Pending Approval)',3,'',13,1),(683,'2020-04-01 21:46:11.370029','19','[19] - load_data/toolbox/create_powder/',1,'[{\"added\": {}}]',24,1),(684,'2020-04-01 21:46:24.543514','19','[19] - load_data/toolbox/create_powder/',2,'[{\"changed\": {\"fields\": [\"Blurb\"]}}]',24,1),(685,'2020-04-01 22:38:13.876279','20','[20] - load_data/toolbox/create_projectile/',1,'[{\"added\": {}}]',24,1),(686,'2020-04-02 15:37:51.484078','21','Ridge Road (39.6205329 LAT , -77.0304459 LONG)',1,'[{\"added\": {}}]',21,1),(687,'2020-04-02 19:54:02.477423','22','BigField: 2/3 to cherry tree (39.6198632 LAT , -77.0298715 LONG)',1,'[{\"added\": {}}]',21,1),(688,'2020-04-02 19:55:17.307195','5','2020-04-02 - Sven (200 yards from \'BigField: 2/3 to cherry tree\')',1,'[{\"added\": {}}]',22,1),(689,'2020-04-02 19:59:22.899801','5','2020-04-02 - Sven (168 yards from \'BigField: 2/3 to cherry tree\')',2,'[{\"changed\": {\"fields\": [\"Shot distance yards\"]}}]',22,1),(690,'2020-04-02 20:02:26.214700','5','2020-04-02 - Sven (168 yards from \'BigField: 2/3 to cherry tree\')',2,'[{\"changed\": {\"fields\": [\"Excessive wound cavity\"]}}]',22,1),(691,'2020-04-03 16:12:35.741357','6','2020-04-02 - Sven (15 yards from \'Big Field: Just Into Woods (2x)\')',1,'[{\"added\": {}}]',22,1),(692,'2020-04-03 16:14:19.758989','6','2020-04-02 - Sven (15 yards from \'Small Field: South Side near tractor road\')',2,'[{\"changed\": {\"fields\": [\"Location\"]}}]',22,1),(693,'2020-04-03 16:15:30.405309','6','2020-04-03 - Sven (15 yards from \'Small Field: South Side near tractor road\')',2,'[{\"changed\": {\"fields\": [\"Removal date\"]}}]',22,1),(694,'2020-04-03 16:15:36.112694','5','2020-04-03 - Sven (168 yards from \'BigField: 2/3 to cherry tree\')',2,'[{\"changed\": {\"fields\": [\"Removal date\"]}}]',22,1),(695,'2020-04-03 16:16:04.243979','5','2020-04-02 - Sven (168 yards from \'BigField: 2/3 to cherry tree\')',2,'[{\"changed\": {\"fields\": [\"Removal date\"]}}]',22,1),(696,'2020-04-03 16:16:08.137104','6','2020-04-02 - Sven (15 yards from \'Small Field: South Side near tractor road\')',2,'[{\"changed\": {\"fields\": [\"Removal date\"]}}]',22,1),(697,'2020-04-05 21:29:48.754711','21','165 Barnes TTSX Boat Tail',1,'[{\"added\": {}}]',8,1),(698,'2020-04-05 21:35:30.529333','31','165.0gr Barnes TTSX Boat Tail @ 2514 FPS via 42.0gr of Benchmark',1,'[{\"added\": {}}]',9,1),(699,'2020-04-05 21:36:49.520964','31','165.0gr Barnes TTSX Boat Tail @ 2514 FPS via 42.0gr of Benchmark',2,'[{\"changed\": {\"fields\": [\"Is Sheriff Load\"]}}]',9,1),(700,'2020-04-05 21:38:22.959421','21','165.0 Barnes TTSX Boat Tail',2,'[{\"changed\": {\"fields\": [\"Ballistic Coefficient\"]}}]',8,1),(701,'2020-04-05 21:39:42.181656','31','165.0gr Barnes TTSX Boat Tail @ 2514 FPS via 42.0gr of Benchmark',2,'[]',9,1),(702,'2020-04-05 21:41:03.679461','31','165.0gr Barnes TTSX Boat Tail @ 9514 FPS via 42.0gr of Benchmark',2,'[{\"changed\": {\"fields\": [\"Velocity\", \"Is Sheriff Load\"]}}]',9,1),(703,'2020-04-07 20:52:05.032517','23','BigField: Mid crop split 150y (39.6199020 LAT , -77.0291571 LONG)',1,'[{\"added\": {}}]',21,1),(704,'2020-04-07 21:10:04.732042','32','60.0gr Nosler Ballistic Tip: Varmint @ 3100 FPS via 25.0gr of Benchmark',1,'[{\"added\": {}}]',9,1),(705,'2020-04-07 21:13:06.015939','8','60.0gr Nosler Ballistic Tip: Varmint @ 3100 FPS via 25.0gr of Benchmark',1,'[{\"added\": {}}]',10,1),(706,'2020-04-10 20:55:41.487089','33','60.0gr Nosler Ballistic Tip: Varmint @ 1200 FPS via 32.0gr of Benchmark',1,'[{\"added\": {}}]',9,1),(707,'2020-04-10 20:56:43.781040','33','60.0gr Nosler Ballistic Tip: Varmint @ 3250 FPS via 32.0gr of Benchmark',2,'[{\"changed\": {\"fields\": [\"Velocity\"]}}]',9,1),(708,'2020-04-10 20:57:44.312243','33','60.0gr Nosler Ballistic Tip: Varmint @ 3400 FPS via 32.0gr of Benchmark',2,'[{\"changed\": {\"fields\": [\"Velocity\"]}}]',9,1),(709,'2020-04-11 16:41:32.158483','24','Strip south of animal highway (39.6166284 LAT , -77.0283521 LONG)',1,'[{\"added\": {}}]',21,1),(710,'2020-04-11 16:42:03.508575','7','2020-04-11 - Sven (275 yards from \'BigField: 2/3 to cherry tree\')',1,'[{\"added\": {}}]',22,1),(711,'2020-04-11 16:42:44.614209','7','2020-04-11 - Sven (275 yards from \'Strip south of animal highway\')',2,'[{\"changed\": {\"fields\": [\"Location\"]}}]',22,1),(712,'2020-04-11 18:30:29.374094','8','2020-04-11 - Sven (278 yards from \'Strip south of animal highway\')',1,'[{\"added\": {}}]',22,1),(713,'2020-04-11 18:30:47.422092','7','2020-04-11 - Sven (273 yards from \'Strip south of animal highway\')',2,'[{\"changed\": {\"fields\": [\"Shot distance yards\"]}}]',22,1),(714,'2020-04-11 18:31:08.925772','8','2020-04-11 - Sven (278 yards from \'Strip south of animal highway\')',2,'[{\"changed\": {\"fields\": [\"Estimated weight lbs\"]}}]',22,1),(715,'2020-04-11 20:30:11.748886','25','Just past drop off (39.6179260 LAT , -77.0292258 LONG)',1,'[{\"added\": {}}]',21,1),(716,'2020-04-13 17:15:43.216691','1','300 WIN MAG Hornady',1,'[{\"added\": {}}]',26,1),(717,'2020-04-13 17:18:13.127756','1','CCI Large Rifle Magnum (#250)',1,'[{\"added\": {}}]',25,1),(718,'2020-04-13 17:18:16.722885','1','220.0gr Hornady ELD-X @ 2670 FPS via 64.1gr of IMR 4350',2,'[{\"changed\": {\"fields\": [\"Brass\", \"Primer\"]}}]',9,1),(719,'2020-04-13 17:20:09.120401','2','308 Winchester Mixed',1,'[{\"added\": {}}]',26,1),(720,'2020-04-13 17:21:23.841332','3','22-250 Winchester Hornady',1,'[{\"added\": {}}]',26,1),(721,'2020-04-13 17:23:31.892235','2','CCI Large Rifle (#200)',1,'[{\"added\": {}}]',25,1),(722,'2020-04-13 17:23:34.085969','4','69.0gr Sierra Matchking HPBT @ 3365 FPS via 35.0gr of IMR 4064',2,'[{\"changed\": {\"fields\": [\"Brass\", \"Primer\"]}}]',9,1),(723,'2020-04-13 17:23:42.391204','6','69.0gr Sierra Matchking HPBT @ 3068 FPS via 39.0gr of IMR 4350',2,'[{\"changed\": {\"fields\": [\"Brass\", \"Primer\"]}}]',9,1),(724,'2020-04-13 17:23:51.753411','15','60.0gr Nosler Ballistic Tip: Varmint @ 3438 FPS via 40.0gr of HS-6',2,'[{\"changed\": {\"fields\": [\"Brass\", \"Primer\"]}}]',9,1),(725,'2020-04-13 17:24:02.679658','33','60.0gr Nosler Ballistic Tip: Varmint @ 3400 FPS via 32.0gr of Benchmark',2,'[{\"changed\": {\"fields\": [\"Brass\", \"Primer\"]}}]',9,1),(726,'2020-04-13 17:24:10.070705','7','55.0gr Nosler Ballistic Tip: Varmint @ 3358 FPS via 39.0gr of IMR 4350',2,'[{\"changed\": {\"fields\": [\"Brass\", \"Primer\"]}}]',9,1),(727,'2020-04-13 17:24:23.139704','30','52.0gr Sierra Matchking HPBT @ 3474 FPS via 33.0gr of IMR 3031',2,'[{\"changed\": {\"fields\": [\"Brass\", \"Primer\"]}}]',9,1),(728,'2020-04-13 17:24:32.763835','16','50.0gr Hornady SPSX @ 3750 FPS via 34.0gr of Benchmark',2,'[{\"changed\": {\"fields\": [\"Brass\", \"Primer\"]}}]',9,1),(729,'2020-04-13 17:24:49.590463','4','223 Wylde Mixed',1,'[{\"added\": {}}]',26,1),(730,'2020-04-13 17:25:55.308054','3','CCI Small Rifle (#400)',1,'[{\"added\": {}}]',25,1),(731,'2020-04-13 17:25:58.101708','22','60.0gr Nosler Ballistic Tip: Varmint @ 3046 FPS via 22.5gr of Benchmark',2,'[{\"changed\": {\"fields\": [\"Brass\", \"Primer\"]}}]',9,1),(732,'2020-04-13 17:26:11.526948','10','55.0gr Nosler Ballistic Tip: Varmint @ 2550 FPS via 22.0gr of IMR 3031',2,'[{\"changed\": {\"fields\": [\"Brass\", \"Primer\"]}}]',9,1),(733,'2020-04-13 17:26:25.662844','8','52.0gr Sierra Matchking HPBT @ 3358 FPS via 25.0gr of IMR 3031',2,'[{\"changed\": {\"fields\": [\"Brass\", \"Primer\"]}}]',9,1),(734,'2020-04-13 17:26:45.557063','18','50.0gr Barnes Varmint Grenade @ 2910 FPS via 23.0gr of IMR 4064',2,'[{\"changed\": {\"fields\": [\"Brass\", \"Primer\"]}}]',9,1),(735,'2020-04-13 17:27:05.024864','28','110.0gr Barnes TAC-TX @ 3280 FPS via 71.0gr of IMR 4350',2,'[{\"changed\": {\"fields\": [\"Brass\", \"Primer\"]}}]',9,1),(736,'2020-04-13 17:27:17.325820','3','168.0gr Hornady A-Max @ 2242 FPS via 42.0gr of IMR 4064',2,'[{\"changed\": {\"fields\": [\"Brass\", \"Primer\"]}}]',9,1),(737,'2020-04-13 17:27:29.085386','31','165.0gr Barnes TTSX Boat Tail @ 9514 FPS via 42.0gr of Benchmark',2,'[{\"changed\": {\"fields\": [\"Brass\", \"Primer\"]}}]',9,1),(738,'2020-04-13 17:27:49.594872','5','9MM Parabellum Mixed',1,'[{\"added\": {}}]',26,1),(739,'2020-04-13 17:28:03.677593','4','Mixed Small Pistol',1,'[{\"added\": {}}]',25,1),(740,'2020-04-13 17:28:07.171609','11','115.0gr Speer Gold Dot @ 1200 FPS via 6.4gr of HS-6',2,'[{\"changed\": {\"fields\": [\"Brass\", \"Primer\"]}}]',9,1),(741,'2020-04-13 17:28:19.256473','25','75.0gr Hornady Match @ 1200 FPS via 23.0gr of Benchmark',2,'[{\"changed\": {\"fields\": [\"Brass\", \"Primer\"]}}]',9,1),(742,'2020-04-13 17:28:36.145412','23','69.0gr Sierra Matchking HPBT @ 1200 FPS via 22.2gr of IMR 3031',2,'[{\"changed\": {\"fields\": [\"Brass\", \"Primer\"]}}]',9,1),(743,'2020-04-13 17:28:45.177331','32','60.0gr Nosler Ballistic Tip: Varmint @ 3100 FPS via 25.0gr of Benchmark',2,'[{\"changed\": {\"fields\": [\"Brass\", \"Primer\"]}}]',9,1),(744,'2020-04-13 17:28:58.993538','26','60.0gr Nosler Ballistic Tip: Varmint @ 1200 FPS via 23.0gr of Benchmark',2,'[{\"changed\": {\"fields\": [\"Brass\", \"Primer\"]}}]',9,1),(745,'2020-04-13 17:29:14.129528','26','60.0gr Nosler Ballistic Tip: Varmint @ 1200 FPS via 23.0gr of Benchmark',3,'',9,1),(746,'2020-04-13 17:29:43.644027','24','52.0gr Sierra Matchking HPBT @ 1200 FPS via 24.3gr of IMR 3031',3,'',9,1),(747,'2020-04-13 17:29:55.056878','21','52.0gr Sierra Matchking HPBT @ 3260 FPS via 24.3gr of IMR 3031',2,'[{\"changed\": {\"fields\": [\"Brass\", \"Primer\"]}}]',9,1),(748,'2020-04-13 17:30:11.477320','6','300 BLK Mixed',1,'[{\"added\": {}}]',26,1),(749,'2020-04-13 17:30:17.653888','9','155.0gr Hornady A-Max @ 2200 FPS via 15.8gr of Lil Gun',2,'[{\"changed\": {\"fields\": [\"Brass\", \"Primer\"]}}]',9,1),(750,'2020-04-13 17:31:12.527683','7','8mm Mauser 30-06 Self-Identifying as 8mm Mauser',1,'[{\"added\": {}}]',26,1),(751,'2020-04-13 17:31:17.539898','2','200.0gr Unknown Factory Second @ 2540 FPS via 46.0gr of IMR 4064',2,'[{\"changed\": {\"fields\": [\"Brass\", \"Primer\"]}}]',9,1),(752,'2020-04-13 17:31:51.042425','6','300 BLK Mixed 223 Self-Identifying as 300BLK',2,'[{\"changed\": {\"fields\": [\"Manufacture\"]}}]',26,1),(753,'2020-04-13 17:31:52.566502','9','155.0gr Hornady A-Max @ 2200 FPS via 15.8gr of Lil Gun',2,'[]',9,1),(754,'2020-04-13 17:32:08.134725','14','200.0gr Unknown Factory Second @ 2462 FPS via 42.0gr of IMR 4064',3,'',9,1),(755,'2020-04-13 17:32:26.685704','13','150.0gr Speer Hot Core @ 2928 FPS via 46.0gr of IMR 3031',2,'[{\"changed\": {\"fields\": [\"Brass\", \"Primer\"]}}]',9,1),(756,'2020-04-13 17:32:43.873577','8','45-70 Gov Mixed',1,'[{\"added\": {}}]',26,1),(757,'2020-04-13 17:32:47.973096','27','500.0gr Sven Lead cast powder coated @ 750 FPS via 10.0gr of Trail Boss',2,'[{\"changed\": {\"fields\": [\"Brass\", \"Primer\"]}}]',9,1),(758,'2020-04-13 17:33:01.348329','9','30 Carbine Mixed',1,'[{\"added\": {}}]',26,1),(759,'2020-04-13 17:33:22.119542','17','110.0gr Unknown Factory Second @ 2100 FPS via 15.0gr of H110',2,'[{\"changed\": {\"fields\": [\"Brass\", \"Primer\"]}}]',9,1),(760,'2020-04-13 17:33:36.273063','10','357 Magnum Mixed',1,'[{\"added\": {}}]',26,1),(761,'2020-04-13 17:33:44.890199','19','158.0gr Lee Mold Powder Coated @ 1200 FPS via 14.0gr of Alliant 2400',2,'[{\"changed\": {\"fields\": [\"Brass\", \"Primer\"]}}]',9,1),(762,'2020-04-13 17:34:06.887288','11','38 special Mixed',1,'[{\"added\": {}}]',26,1),(763,'2020-04-13 17:34:33.201522','12','158.0gr Lee Mold Powder Coated @ 700 FPS via 4.0gr of Trail Boss',2,'[{\"changed\": {\"fields\": [\"Brass\", \"Primer\"]}}]',9,1),(764,'2020-04-13 17:34:53.659482','20','125.0gr Unknown Factory Second @ 1000 FPS via 5.0gr of Bullseye',2,'[{\"changed\": {\"fields\": [\"Brass\", \"Primer\"]}}]',9,1),(765,'2020-04-13 17:37:24.743849','32','60.0gr Nosler Ballistic Tip: Varmint @ 3100 FPS via 24.5gr of Benchmark',2,'[{\"changed\": {\"fields\": [\"Powder Charge\"]}}]',9,1),(766,'2020-04-13 17:38:47.005406','5','60.0 Nosler Ballistic Tip: Varmint',2,'[{\"changed\": {\"fields\": [\"Ballistic Coefficient\"]}}]',8,1),(767,'2020-04-13 17:39:26.679480','3','Benchmark',2,'[{\"changed\": {\"fields\": [\"Lbs on hand\"]}}]',7,1),(768,'2020-04-13 17:40:03.896409','4','223 Wylde Mixed',2,'[{\"changed\": {\"fields\": [\"Brass on hand\"]}}]',26,1),(769,'2020-04-13 17:40:54.306593','4','223 Wylde Mixed',2,'[{\"changed\": {\"fields\": [\"Buy link\"]}}]',26,1),(770,'2020-04-13 17:41:30.587913','3','CCI Small Rifle (#400)',2,'[{\"changed\": {\"fields\": [\"Units on hand\"]}}]',25,1),(771,'2020-04-13 17:45:06.017800','31','165.0gr Barnes TTSX Boat Tail @ 9514 FPS via 42.0gr of Benchmark',2,'[{\"changed\": {\"fields\": [\"Is Sheriff Load\"]}}]',9,1),(772,'2020-04-13 20:22:31.926091','4','2019-03-16 - Shamus (175 yards from \'Big Field: Animal Highway\')',2,'[{\"changed\": {\"fields\": [\"Kill shot\"]}}]',22,1),(773,'2020-04-13 20:29:48.779898','4','2019-03-16 - Shamus (175 yards from \'Big Field: Animal Highway\')',2,'[{\"changed\": {\"fields\": [\"Kill shot\"]}}]',22,1),(774,'2020-04-13 20:30:11.891113','4','2019-03-16 - Shamus (175 yards from \'Big Field: Animal Highway\')',2,'[{\"changed\": {\"fields\": [\"Kill shot\"]}}]',22,1),(775,'2020-04-13 20:47:08.100000','8','2020-04-11 - Sven (278 yards from \'Strip south of animal highway\')',2,'[{\"changed\": {\"fields\": [\"Kill shot\"]}}]',22,1),(776,'2020-04-13 20:48:03.538514','7','2020-04-11 - Sven (273 yards from \'Strip south of animal highway\')',2,'[{\"changed\": {\"fields\": [\"Kill shot\"]}}]',22,1),(777,'2020-04-13 20:50:50.810803','17','[17] - groundhog_logbook/by_shooter/',2,'[{\"changed\": {\"fields\": [\"Blurb\"]}}]',24,1),(778,'2020-04-13 22:33:17.982281','26','Drak',2,'[{\"changed\": {\"fields\": [\"password\"]}}]',4,1),(779,'2020-04-15 00:46:01.289723','11','IMR 4831',1,'[{\"added\": {}}]',7,1),(780,'2020-04-15 00:46:42.950538','34','165.0gr Barnes TTSX Boat Tail @ 3200 FPS via 74gr of IMR 4831',1,'[{\"added\": {}}]',9,1),(781,'2020-04-15 00:46:49.298813','34','165.0gr Barnes TTSX Boat Tail @ 3200 FPS via 74.0gr of IMR 4831',2,'[{\"changed\": {\"fields\": [\"Is Sheriff Load\"]}}]',9,1),(782,'2020-04-15 23:36:16.783420','9','2020-04-15 - Sven (217 yards from \'Strip south of animal highway\')',1,'[{\"added\": {}}]',22,1),(783,'2020-04-18 05:30:54.150632','7','30 Carbine',2,'[]',13,1),(784,'2020-04-18 06:12:12.144721','8','Lady\'s Dan Wesson 715 Revolver 357 Magnum',2,'[{\"changed\": {\"fields\": [\"Model\"]}}]',14,1),(785,'2020-04-19 22:43:33.643052','26','Small Field: West fence (39.6216395 LAT , -77.0302957 LONG)',1,'[{\"added\": {}}]',21,1),(786,'2020-04-21 20:34:58.431128','22','350 Lee Mold Powder Coated',1,'[{\"added\": {}}]',8,1),(787,'2020-04-21 20:35:14.023131','35','350.0gr Lee Mold Powder Coated @ 1950 FPS via 14.0gr of Benchmark',1,'[{\"added\": {}}]',9,1),(788,'2020-04-21 20:35:40.832161','35','350.0gr Lee Mold Powder Coated @ 700 FPS via 14.0gr of Trail Boss',2,'[{\"changed\": {\"fields\": [\"Powder\", \"Velocity\"]}}]',9,1),(789,'2020-04-21 20:36:05.161682','36','350.0gr Lee Mold Powder Coated @ 1950 FPS via 57.5gr of Benchmark',1,'[{\"added\": {}}]',9,1),(790,'2020-04-21 20:37:06.813652','31','165.0gr Barnes TTSX Boat Tail @ 2400 FPS via 42.0gr of Benchmark',2,'[{\"changed\": {\"fields\": [\"Velocity\"]}}]',9,1),(791,'2020-04-21 20:43:06.014168','23','Sadan',1,'[{\"added\": {}}]',13,1),(792,'2020-04-21 20:43:13.751099','12','Sven\'s Nissan Maxima 2010 Sadan',1,'[{\"added\": {}}]',14,1),(793,'2020-04-21 20:44:08.522398','13','Sven\'s Nissan Maxima SV 2010 Sadan',1,'[{\"added\": {}}]',14,1),(794,'2020-04-21 20:44:58.478684','12','Unleaded Premium',1,'[{\"added\": {}}]',7,1),(795,'2020-04-21 20:47:19.819532','23','Sadan',3,'',13,1),(796,'2020-04-21 20:47:46.934833','12','Unleaded Premium',3,'',7,1),(797,'2020-04-23 13:12:29.058037','36','350.0gr Lee Mold Powder Coated @ 1950 FPS via 57.5gr of Benchmark',2,'[{\"changed\": {\"fields\": [\"Is Sheriff Load\"]}}]',9,1),(798,'2020-05-13 16:26:51.002422','10','2020-05-13 - Sven (122 yards from \'Big Field: Animal Highway\')',1,'[{\"added\": {}}]',22,1),(799,'2020-05-13 18:54:14.125679','11','2020-05-13 - Sven (117 yards from \'Big Field: Animal Highway\')',1,'[{\"added\": {}}]',22,1),(800,'2020-05-13 20:55:30.738687','12','2020-05-13 - Sven (107 yards from \'Big Field: Animal Highway\')',1,'[{\"added\": {}}]',22,1),(801,'2020-05-13 21:00:19.973080','12','2020-05-13 - Sven (107 yards from \'Big Field: Animal Highway\')',2,'[{\"changed\": {\"fields\": [\"Load\"]}}]',22,1),(802,'2020-05-13 21:01:24.544548','10','2020-05-13 - Sven (122 yards from \'Big Field: Animal Highway\')',2,'[{\"changed\": {\"fields\": [\"Load\"]}}]',22,1),(803,'2020-05-13 21:01:42.465248','12','2020-05-13 - Sven (107 yards from \'Big Field: Animal Highway\')',2,'[{\"changed\": {\"fields\": [\"Load\"]}}]',22,1),(804,'2020-05-14 12:33:18.450883','10','2020-05-13 - Sven (122 yards from \'Big Field: Animal Highway\')',2,'[{\"changed\": {\"fields\": [\"Load\"]}}]',22,1),(805,'2020-05-14 12:33:41.947329','12','2020-05-13 - Sven (107 yards from \'Big Field: Animal Highway\')',2,'[{\"changed\": {\"fields\": [\"Load\"]}}]',22,1),(806,'2020-05-14 13:45:56.678993','17','[17] - groundhog_logbook/by_shooter/',2,'[{\"changed\": {\"fields\": [\"Blurb\"]}}]',24,1),(807,'2020-05-20 17:08:54.027125','13','2020-05-20 - Sven (112 yards from \'Big Field: Animal Highway\')',1,'[{\"added\": {}}]',22,1),(808,'2020-05-20 17:09:37.791104','13','2020-05-20 - Sven (112 yards from \'Big Field: Animal Highway\')',2,'[{\"changed\": {\"fields\": [\"Excessive wound cavity\"]}}]',22,1),(809,'2020-05-20 17:50:21.497978','14','2020-05-20 - Sven (97 yards from \'Big Field: Animal Highway\')',1,'[{\"added\": {}}]',22,1),(810,'2020-05-20 18:10:41.091342','15','2020-05-20 - Sven (80 yards from \'Big Field: After Dropoff\')',1,'[{\"added\": {}}]',22,1),(811,'2020-05-28 22:10:43.039980','9','[9] - /days_since?input_date=10/22/2019',2,'[{\"changed\": {\"fields\": [\"Blurb\"]}}]',24,1),(812,'2020-05-28 22:11:26.131995','10','[10] - /days_since?input_date=11/2/2019',2,'[{\"changed\": {\"fields\": [\"Blurb\"]}}]',24,1),(813,'2020-05-28 22:12:31.199363','9','[9] - /days_since?input_date=10/22/2019',2,'[{\"changed\": {\"fields\": [\"Blurb\"]}}]',24,1),(814,'2020-05-30 01:49:06.626076','24','5.56 NATO',1,'[{\"added\": {}}]',13,1),(815,'2020-05-30 01:49:17.517144','14','Sven\'s Smith & Wesson M&P 15 5.56 NATO',1,'[{\"added\": {}}]',14,1),(816,'2020-05-30 01:50:19.736685','23','53 Sierra Bench Rest Hollow Point',1,'[{\"added\": {}}]',8,1),(817,'2020-05-30 01:50:39.104344','12','5.56 NATO Mixed',1,'[{\"added\": {}}]',26,1),(818,'2020-05-30 01:51:13.751147','37','53.0gr Sierra Bench Rest Hollow Point @ 3308 FPS via 26.0gr of Benchmark',1,'[{\"added\": {}}]',9,1),(819,'2020-06-01 22:22:57.324796','38','75.0gr Hornady Match @ 2610 FPS via 21.5gr of Benchmark',1,'[{\"added\": {}}]',9,1),(820,'2020-06-01 22:25:55.475271','39','50.0gr Hornady SPSX @ 3250 FPS via 25.0gr of Benchmark',1,'[{\"added\": {}}]',9,1),(821,'2020-06-11 23:51:47.908799','77','2020-06-10 DaemonAssassin (Secondary: False) None [Show Listing = False]',1,'[{\"added\": {}}]',11,1),(822,'2020-06-11 23:52:13.791276','77','2020-06-10 DaemonAssassin (Secondary: False) None [Show Listing = False]',2,'[]',11,1),(823,'2020-06-11 23:52:54.524276','29','DaemonAssassin',1,'[{\"added\": {}}]',4,1),(824,'2020-06-11 23:53:02.226761','29','DaemonAssassin',2,'[{\"changed\": {\"fields\": [\"Active\"]}}]',4,1),(825,'2020-06-14 16:44:14.590660','16','2020-06-14 - Sven (157 yards from \'Big Field: Pear Tree\')',1,'[{\"added\": {}}]',22,1),(826,'2020-06-14 16:46:10.497119','17','2020-06-11 - Sven (184 yards from \'Big Field: Pear Tree\')',1,'[{\"added\": {}}]',22,1),(827,'2020-06-14 22:15:29.153295','18','2020-06-14 - Sven (250 yards from \'Big Field: Pear Tree\')',1,'[{\"added\": {}}]',22,1),(828,'2020-06-14 22:18:56.059398','19','2020-06-14 - Sven (217 yards from \'Big Field: Animal Highway\')',1,'[{\"added\": {}}]',22,1),(829,'2020-06-14 22:20:42.179433','19','2020-06-14 - Sven (217 yards from \'Big Field: Animal Highway\')',2,'[]',22,1),(830,'2020-06-14 22:21:44.629739','19','2020-06-14 - Sven (217 yards from \'Big Field: Animal Highway\')',2,'[{\"changed\": {\"fields\": [\"Kill shot\"]}}]',22,1),(831,'2020-06-14 22:22:50.085951','18','2020-06-14 - Sven (250 yards from \'Big Field: Pear Tree\')',2,'[{\"changed\": {\"fields\": [\"Kill shot\"]}}]',22,1),(832,'2020-06-15 01:23:35.296006','20','2020-06-14 - Sven (187 yards from \'Big Field: Pear Tree\')',1,'[{\"added\": {}}]',22,1),(833,'2020-06-15 01:24:50.967374','21','2020-06-14 - Sven (187 yards from \'Big Field: Pear Tree\')',1,'[{\"added\": {}}]',22,1),(834,'2020-06-22 18:33:59.895535','22','2020-06-22 - Sven (263 yards from \'Big Field: After Dropoff\')',1,'[{\"added\": {}}]',22,1),(835,'2020-06-22 18:34:12.230978','22','2020-06-22 - Sven (263 yards from \'Big Field: Pear Tree\')',2,'[{\"changed\": {\"fields\": [\"Location\"]}}]',22,1),(836,'2020-06-23 02:55:19.736337','22','2020-06-22 - Sven (263 yards from \'Big Field: Pear Tree\')',2,'[{\"changed\": {\"fields\": [\"Removal time\", \"Kill shot two\"]}}]',22,1),(837,'2020-06-23 03:23:24.996475','18','2020-06-14 - Sven (250 yards from \'Big Field: Pear Tree\')',2,'[{\"changed\": {\"fields\": [\"Removal time\"]}}]',22,1),(838,'2020-06-23 03:23:40.378990','19','2020-06-14 - Sven (217 yards from \'Big Field: Animal Highway\')',2,'[{\"changed\": {\"fields\": [\"Removal time\"]}}]',22,1),(839,'2020-06-23 03:23:49.007622','20','2020-06-14 - Sven (187 yards from \'Big Field: Pear Tree\')',2,'[{\"changed\": {\"fields\": [\"Removal time\"]}}]',22,1),(840,'2020-06-23 03:24:00.740331','21','2020-06-14 - Sven (187 yards from \'Big Field: Pear Tree\')',2,'[{\"changed\": {\"fields\": [\"Removal time\"]}}]',22,1),(841,'2020-06-23 03:24:15.613342','16','2020-06-14 - Sven (157 yards from \'Big Field: Pear Tree\')',2,'[{\"changed\": {\"fields\": [\"Removal time\"]}}]',22,1),(842,'2020-06-23 03:24:23.095278','17','2020-06-11 - Sven (184 yards from \'Big Field: Pear Tree\')',2,'[{\"changed\": {\"fields\": [\"Removal time\"]}}]',22,1),(843,'2020-06-23 03:24:33.181409','17','2020-06-11 - Sven (184 yards from \'Big Field: Pear Tree\')',2,'[{\"changed\": {\"fields\": [\"Removal time\"]}}]',22,1),(844,'2020-06-23 03:24:45.804872','13','2020-05-20 - Sven (112 yards from \'Big Field: Animal Highway\')',2,'[{\"changed\": {\"fields\": [\"Removal time\"]}}]',22,1),(845,'2020-06-23 03:24:55.739253','11','2020-05-13 - Sven (117 yards from \'Big Field: Animal Highway\')',2,'[{\"changed\": {\"fields\": [\"Removal time\"]}}]',22,1),(846,'2020-06-23 03:25:04.831058','12','2020-05-13 - Sven (107 yards from \'Big Field: Animal Highway\')',2,'[{\"changed\": {\"fields\": [\"Removal time\"]}}]',22,1),(847,'2020-06-23 03:25:16.134051','9','2020-04-15 - Sven (217 yards from \'Strip south of animal highway\')',2,'[{\"changed\": {\"fields\": [\"Removal time\"]}}]',22,1),(848,'2020-06-23 03:25:27.425913','8','2020-04-11 - Sven (278 yards from \'Strip south of animal highway\')',2,'[{\"changed\": {\"fields\": [\"Removal time\"]}}]',22,1),(849,'2020-06-23 03:25:45.457088','7','2020-04-11 - Sven (273 yards from \'Strip south of animal highway\')',2,'[{\"changed\": {\"fields\": [\"Removal time\"]}}]',22,1),(850,'2020-06-23 03:26:10.782658','5','2020-04-02 - Sven (168 yards from \'BigField: 2/3 to cherry tree\')',2,'[{\"changed\": {\"fields\": [\"Removal time\"]}}]',22,1),(851,'2020-06-23 03:26:25.379310','6','2020-04-02 - Sven (15 yards from \'Small Field: South Side near tractor road\')',2,'[{\"changed\": {\"fields\": [\"Removal time\"]}}]',22,1),(852,'2020-06-23 03:26:46.548844','3','2020-03-30 - Sven (20 yards from \'BigField: Near road NORTHWEST\')',2,'[{\"changed\": {\"fields\": [\"Removal time\"]}}]',22,1),(853,'2020-06-23 03:26:53.760078','2','2020-03-26 - Sven (302 yards from \'BigField: FarAlcove\')',2,'[{\"changed\": {\"fields\": [\"Removal time\"]}}]',22,1),(854,'2020-06-23 03:27:02.151343','1','2020-03-15 - Sven (260 yards from \'Big Field: Alcove\')',2,'[{\"changed\": {\"fields\": [\"Removal time\"]}}]',22,1),(855,'2020-06-23 03:27:13.579816','1','2020-03-15 - Sven (260 yards from \'Big Field: Alcove\')',2,'[{\"changed\": {\"fields\": [\"Removal time\"]}}]',22,1),(856,'2020-06-23 03:27:26.505227','4','2019-03-16 - Shamus (175 yards from \'Big Field: Animal Highway\')',2,'[{\"changed\": {\"fields\": [\"Removal time\"]}}]',22,1),(857,'2020-06-23 03:29:46.180248','17','[17] - groundhog_logbook/by_shooter/',2,'[{\"changed\": {\"fields\": [\"Blurb\"]}}]',24,1),(858,'2020-06-23 03:30:05.063615','17','[17] - groundhog_logbook/by_shooter/',2,'[{\"changed\": {\"fields\": [\"Blurb\"]}}]',24,1),(859,'2020-06-23 20:41:01.417891','21','[21] - /groundhog_logbook/charts/',1,'[{\"added\": {}}]',24,1),(860,'2020-06-23 20:42:04.358937','21','[21] - groundhog_logbook/charts/',2,'[{\"changed\": {\"fields\": [\"Page Link From Base\"]}}]',24,1),(861,'2020-06-23 21:52:05.168170','24','140 Lee Mold lead cast bullet',1,'[{\"added\": {}}]',8,1),(862,'2020-06-23 21:52:27.271744','40','140.0gr Lee Mold lead cast bullet @ 700 FPS via 4.0gr of Bullseye',1,'[{\"added\": {}}]',9,1),(863,'2020-06-23 21:53:49.314963','15','Lady\'s Dan Wesson 715 Revolver 38 special',1,'[{\"added\": {}}]',14,1),(864,'2020-06-23 21:53:56.571217','40','140.0gr Lee Mold lead cast bullet @ 700 FPS via 4.0gr of Bullseye',2,'[{\"changed\": {\"fields\": [\"Firearm\"]}}]',9,1),(865,'2020-06-24 03:05:29.048488','1','2020-03-15 - Sven (260 yards from \'Big Field: Alcove\')',2,'[{\"changed\": {\"fields\": [\"Removal time\"]}}]',22,1),(866,'2020-06-24 03:05:34.402401','2','2020-03-26 - Sven (302 yards from \'BigField: FarAlcove\')',2,'[{\"changed\": {\"fields\": [\"Removal time\"]}}]',22,1),(867,'2020-06-24 03:05:37.668686','2','2020-03-26 - Sven (302 yards from \'BigField: FarAlcove\')',2,'[]',22,1),(868,'2020-06-24 03:05:45.524143','3','2020-03-30 - Sven (20 yards from \'BigField: Near road NORTHWEST\')',2,'[{\"changed\": {\"fields\": [\"Removal time\"]}}]',22,1),(869,'2020-06-24 03:05:51.258042','6','2020-04-02 - Sven (15 yards from \'Small Field: South Side near tractor road\')',2,'[{\"changed\": {\"fields\": [\"Removal time\"]}}]',22,1),(870,'2020-06-24 03:05:57.254364','5','2020-04-02 - Sven (168 yards from \'BigField: 2/3 to cherry tree\')',2,'[{\"changed\": {\"fields\": [\"Removal time\"]}}]',22,1),(871,'2020-06-24 03:06:04.708910','7','2020-04-11 - Sven (273 yards from \'Strip south of animal highway\')',2,'[{\"changed\": {\"fields\": [\"Removal time\"]}}]',22,1),(872,'2020-06-24 03:06:15.453679','8','2020-04-11 - Sven (278 yards from \'Strip south of animal highway\')',2,'[{\"changed\": {\"fields\": [\"Removal time\"]}}]',22,1),(873,'2020-06-24 03:06:27.410903','9','2020-04-15 - Sven (217 yards from \'Strip south of animal highway\')',2,'[{\"changed\": {\"fields\": [\"Removal time\"]}}]',22,1),(874,'2020-06-24 03:06:33.870431','12','2020-05-13 - Sven (107 yards from \'Big Field: Animal Highway\')',2,'[{\"changed\": {\"fields\": [\"Removal time\"]}}]',22,1),(875,'2020-06-24 03:07:18.172658','11','2020-05-13 - Sven (117 yards from \'Big Field: Animal Highway\')',2,'[{\"changed\": {\"fields\": [\"Removal time\"]}}]',22,1),(876,'2020-06-24 03:07:34.962134','10','2020-05-13 - Sven (122 yards from \'Big Field: Animal Highway\')',2,'[{\"changed\": {\"fields\": [\"Removal time\"]}}]',22,1),(877,'2020-06-24 03:07:45.806961','15','2020-05-20 - Sven (80 yards from \'Big Field: After Dropoff\')',2,'[{\"changed\": {\"fields\": [\"Removal time\"]}}]',22,1),(878,'2020-06-24 03:07:59.209061','14','2020-05-20 - Sven (97 yards from \'Big Field: Animal Highway\')',2,'[{\"changed\": {\"fields\": [\"Removal time\"]}}]',22,1),(879,'2020-06-24 03:08:09.553373','14','2020-05-20 - Sven (97 yards from \'Big Field: Animal Highway\')',2,'[{\"changed\": {\"fields\": [\"Removal time\"]}}]',22,1),(880,'2020-06-24 03:08:18.511860','13','2020-05-20 - Sven (112 yards from \'Big Field: Animal Highway\')',2,'[{\"changed\": {\"fields\": [\"Removal time\"]}}]',22,1),(881,'2020-06-24 03:08:25.613749','17','2020-06-11 - Sven (184 yards from \'Big Field: Pear Tree\')',2,'[{\"changed\": {\"fields\": [\"Removal time\"]}}]',22,1),(882,'2020-06-24 03:08:31.625060','16','2020-06-14 - Sven (157 yards from \'Big Field: Pear Tree\')',2,'[{\"changed\": {\"fields\": [\"Removal time\"]}}]',22,1),(883,'2020-06-24 03:08:38.584269','21','2020-06-14 - Sven (187 yards from \'Big Field: Pear Tree\')',2,'[{\"changed\": {\"fields\": [\"Removal time\"]}}]',22,1),(884,'2020-06-24 03:08:44.200371','20','2020-06-14 - Sven (187 yards from \'Big Field: Pear Tree\')',2,'[{\"changed\": {\"fields\": [\"Removal time\"]}}]',22,1),(885,'2020-06-24 03:08:51.020168','20','2020-06-14 - Sven (187 yards from \'Big Field: Pear Tree\')',2,'[]',22,1),(886,'2020-06-24 03:08:57.642907','19','2020-06-14 - Sven (217 yards from \'Big Field: Animal Highway\')',2,'[{\"changed\": {\"fields\": [\"Removal time\"]}}]',22,1),(887,'2020-06-24 03:09:05.443801','18','2020-06-14 - Sven (250 yards from \'Big Field: Pear Tree\')',2,'[{\"changed\": {\"fields\": [\"Removal time\"]}}]',22,1),(888,'2020-06-24 03:09:10.547950','22','2020-06-22 - Sven (263 yards from \'Big Field: Pear Tree\')',2,'[{\"changed\": {\"fields\": [\"Removal time\"]}}]',22,1),(889,'2020-06-24 17:21:37.345626','23','2020-06-24 - Sven (267 yards from \'Big Field: Pear Tree\')',1,'[{\"added\": {}}]',22,1),(890,'2020-06-24 21:18:46.766202','24','2020-06-24 - Sven (283 yards from \'Big Field: After Dropoff\')',1,'[{\"added\": {}}]',22,1),(891,'2020-06-25 20:19:09.432241','25','2020-06-25 - Sven (263 yards from \'Big Field: After Dropoff\')',1,'[{\"added\": {}}]',22,1),(892,'2020-06-25 20:44:42.293316','26','2020-06-25 - Sven (582 yards from \'Strip south of animal highway\')',1,'[{\"added\": {}}]',22,1),(893,'2020-06-27 10:14:05.774819','26','2020-06-25 - Sven (582 yards from \'Strip south of animal highway\')',2,'[{\"changed\": {\"fields\": [\"Removal time\"]}}]',22,1),(894,'2020-06-27 10:14:27.922619','25','2020-06-25 - Sven (263 yards from \'Big Field: After Dropoff\')',2,'[{\"changed\": {\"fields\": [\"Removal time\"]}}]',22,1),(895,'2020-06-27 10:15:20.043925','22','2020-06-22 - Sven (263 yards from \'Strip south of animal highway\')',2,'[{\"changed\": {\"fields\": [\"Location\"]}}]',22,1),(896,'2020-06-27 10:16:01.171536','26','2020-06-25 - Sven (582 yards from \'Strip south of animal highway\')',2,'[{\"changed\": {\"fields\": [\"Removal time\"]}}]',22,1),(897,'2020-06-27 22:17:52.662972','25','110 Nosler Varmageddon',1,'[{\"added\": {}}]',8,1),(898,'2020-06-27 22:19:49.057934','13','308 Winchester SBS NATO',1,'[{\"added\": {}}]',26,1),(899,'2020-06-27 22:20:07.454417','41','110.0gr Nosler Varmageddon @ 3187 FPS via 46.8gr of Benchmark',1,'[{\"added\": {}}]',9,1),(900,'2020-06-27 22:43:38.224665','9','110.0gr Nosler Varmageddon @ 3187 FPS via 46.8gr of Benchmark',1,'[{\"added\": {}}]',10,1),(901,'2020-06-27 22:52:08.250601','9','110.0gr Nosler Varmageddon @ 3187 FPS via 46.8gr of Benchmark',2,'[{\"changed\": {\"fields\": [\"Moa 650\", \"Moa 675\", \"Moa 700\", \"Moa 725\", \"Moa 750\", \"Moa 775\", \"Moa 800\", \"Moa 825\", \"Moa 850\", \"Moa 875\", \"Moa 900\", \"Moa 925\", \"Moa 950\", \"Moa 975\", \"Moa 1000\", \"Moa 1025\", \"Moa 1050\"]}}]',10,1),(902,'2020-06-29 10:31:06.446010','26','180 Hornady XTP',1,'[{\"added\": {}}]',8,1),(903,'2020-06-29 10:31:32.619764','42','180.0gr Hornady XTP @ 1205 FPS via 14gr of Alliant 2400',1,'[{\"added\": {}}]',9,1),(904,'2020-06-29 11:40:18.036624','30','doub',1,'[{\"added\": {}}]',4,1),(905,'2020-06-29 16:09:34.816241','31','workguest',1,'[{\"added\": {}}]',4,1),(906,'2020-06-30 17:13:25.453617','10','[10] - /days_since?input_date=11/2/2019',2,'[{\"changed\": {\"fields\": [\"Blurb\"]}}]',24,1),(907,'2020-06-30 17:14:22.028745','10','[10] - /days_since?input_date=11/2/2019',2,'[{\"changed\": {\"fields\": [\"Blurb\"]}}]',24,1),(908,'2020-06-30 17:14:39.992449','10','[10] - /days_since?input_date=11/2/2019',2,'[{\"changed\": {\"fields\": [\"Blurb\"]}}]',24,1),(909,'2020-07-01 11:03:03.976082','10','[10] - /days_since?input_date=11/2/2019',2,'[{\"changed\": {\"fields\": [\"Blurb\"]}}]',24,1),(910,'2020-07-02 14:23:15.165915','10','BigCity',2,'[{\"changed\": {\"fields\": [\"Active\", \"Staff status\", \"Groups\"]}}]',4,1),(911,'2020-07-02 14:23:30.279478','18','RickInBoots',2,'[{\"changed\": {\"fields\": [\"Active\", \"Staff status\", \"Groups\"]}}]',4,1),(912,'2020-07-03 17:17:34.474742','27','2020-07-03 - Sven (187 yards from \'Big Field: Pear Tree\')',1,'[{\"added\": {}}]',22,1),(913,'2020-07-04 23:21:47.502702','27','BigField: west line  to pear tree (39.6202077 LAT , -77.0299557 LONG)',1,'[{\"added\": {}}]',21,1),(914,'2020-07-04 23:22:34.363210','28','2020-07-04 - Sven (165 yards from \'BigField: west line  to pear tree\')',1,'[{\"added\": {}}]',22,1),(915,'2020-07-05 00:01:00.104024','29','2020-07-04 - Sven (172 yards from \'BigField: west line  to pear tree\')',1,'[{\"added\": {}}]',22,1),(916,'2020-07-06 14:40:13.667529','4','Sven\'s Ruger American Predator 22-250 Winchester',2,'[{\"changed\": {\"fields\": [\"Extra info\"]}}]',14,1),(917,'2020-07-06 14:40:35.291532','4','Sven\'s Ruger American Predator 22-250 Winchester',2,'[{\"changed\": {\"fields\": [\"Extra info\"]}}]',14,1),(918,'2020-07-06 14:46:30.072499','4','Sven\'s Ruger American Predator 22-250 Winchester',2,'[{\"changed\": {\"fields\": [\"Extra info\"]}}]',14,1),(919,'2020-07-06 14:48:12.133716','4','Sven\'s Ruger American Predator 22-250 Winchester',2,'[{\"changed\": {\"fields\": [\"Extra info\"]}}]',14,1),(920,'2020-07-06 15:10:55.896554','29','2020-07-04 - Sven (172 yards from \'BigField: west line  to pear tree\')',2,'[{\"changed\": {\"fields\": [\"Extra info\"]}}]',22,1),(921,'2020-07-06 15:11:26.622020','28','2020-07-04 - Sven (165 yards from \'BigField: west line  to pear tree\')',2,'[{\"changed\": {\"fields\": [\"Extra info\"]}}]',22,1),(922,'2020-07-06 15:11:32.493538','27','2020-07-03 - Sven (187 yards from \'Big Field: Pear Tree\')',2,'[{\"changed\": {\"fields\": [\"Extra info\"]}}]',22,1),(923,'2020-07-06 15:11:38.591745','26','2020-06-25 - Sven (582 yards from \'Strip south of animal highway\')',2,'[{\"changed\": {\"fields\": [\"Extra info\"]}}]',22,1),(924,'2020-07-06 15:11:44.653449','25','2020-06-25 - Sven (263 yards from \'Big Field: After Dropoff\')',2,'[{\"changed\": {\"fields\": [\"Extra info\"]}}]',22,1),(925,'2020-07-06 15:11:52.344798','24','2020-06-24 - Sven (283 yards from \'Big Field: After Dropoff\')',2,'[{\"changed\": {\"fields\": [\"Extra info\"]}}]',22,1),(926,'2020-07-06 15:11:59.517229','23','2020-06-24 - Sven (267 yards from \'Big Field: Pear Tree\')',2,'[{\"changed\": {\"fields\": [\"Extra info\"]}}]',22,1),(927,'2020-07-06 15:14:11.297614','15','2020-05-20 - Sven (80 yards from \'Big Field: After Dropoff\')',2,'[{\"changed\": {\"fields\": [\"Extra info\"]}}]',22,1),(928,'2020-07-06 15:15:09.581776','9','2020-04-15 - Sven (217 yards from \'Strip south of animal highway\')',2,'[{\"changed\": {\"fields\": [\"Extra info\", \"Sex\"]}}]',22,1),(929,'2020-07-07 02:00:58.144584','4','Sven\'s Ruger American Predator 22-250 Winchester',2,'[{\"changed\": {\"fields\": [\"Extra info\"]}}]',14,1),(930,'2020-07-07 20:34:50.025422','3','Sven\'s Ruger American Standard 308 Winchester',2,'[{\"changed\": {\"fields\": [\"Extra info\"]}}]',14,1),(931,'2020-07-15 11:46:06.518018','10','[10] - /days_since?input_date=11/2/2019',2,'[{\"changed\": {\"fields\": [\"Blurb\"]}}]',24,1),(932,'2020-07-15 11:46:34.095696','10','[10] - /days_since?input_date=11/2/2019',2,'[{\"changed\": {\"fields\": [\"Blurb\"]}}]',24,1),(933,'2020-07-16 10:48:01.001239','32','keo_vlogs',1,'[{\"added\": {}}]',4,1),(934,'2020-07-16 10:57:32.300234','21','Balzer94',3,'',4,1),(935,'2020-07-16 10:57:32.309476','11','bbradshaw21',3,'',4,1),(936,'2020-07-16 10:57:32.326596','10','BigCity',3,'',4,1),(937,'2020-07-16 10:57:32.332082','17','Clif',3,'',4,1),(938,'2020-07-16 10:57:32.334459','30','doub',3,'',4,1),(939,'2020-07-16 10:57:32.337646','15','Dremort',3,'',4,1),(940,'2020-07-16 10:57:32.345308','6','Elias',3,'',4,1),(941,'2020-07-16 10:57:32.349323','28','farmguest',3,'',4,1),(942,'2020-07-16 10:57:32.354485','8','Forest',3,'',4,1),(943,'2020-07-16 10:57:32.357224','14','GGGGOAT',3,'',4,1),(944,'2020-07-16 10:57:32.359138','20','hillbilly_grandpa',3,'',4,1),(945,'2020-07-16 10:57:32.361489','23','JohnnyE',3,'',4,1),(946,'2020-07-16 10:57:32.364116','9','MacMoov',3,'',4,1),(947,'2020-07-16 10:57:32.368467','16','Magnumst',3,'',4,1),(948,'2020-07-16 10:57:32.372913','22','mat',3,'',4,1),(949,'2020-07-16 10:57:32.385308','13','Pinecone',3,'',4,1),(950,'2020-07-16 10:57:32.393121','4','PRIVATE',3,'',4,1),(951,'2020-07-16 10:57:32.396061','19','rbird7282',3,'',4,1),(952,'2020-07-16 10:57:32.405160','18','RickInBoots',3,'',4,1),(953,'2020-07-16 10:57:32.410241','12','rpker',3,'',4,1),(954,'2020-07-16 10:57:32.415433','31','workguest',3,'',4,1),(955,'2020-07-16 10:58:01.045341','29','DaemonAssassin',3,'',4,1),(956,'2020-07-16 10:58:01.047547','24','milesprower',3,'',4,1),(957,'2020-07-16 10:58:19.774011','25','ansoliman',3,'',4,1),(958,'2020-07-16 10:58:19.776528','7','Kimberly',3,'',4,1),(959,'2020-07-16 11:34:51.779533','32','keo_vlogs',2,'[{\"changed\": {\"fields\": [\"First name\", \"Last name\", \"Email address\"]}}]',4,1),(960,'2020-07-18 23:09:41.997340','43','75.0gr Hornady Match @ 2400 FPS via 21.5gr of Benchmark',1,'[{\"added\": {}}]',9,1),(961,'2020-07-20 18:33:52.611645','13','CFE: BLK',1,'[{\"added\": {}}]',7,1),(962,'2020-07-20 18:35:13.923677','44','220.0gr Hornady ELD-X @ 811 FPS via 10.8gr of CFE: BLK',1,'[{\"added\": {}}]',9,1),(963,'2020-07-26 14:21:53.193344','22','60.0gr Nosler Ballistic Tip: Varmint @ 3046 FPS via 22.5gr of Benchmark',3,'',9,1),(964,'2020-07-26 14:22:24.621744','32','60.0gr Nosler Ballistic Tip: Varmint @ 3100 FPS via 24.2gr of Benchmark',2,'[{\"changed\": {\"fields\": [\"Powder Charge\", \"Firearm\"]}}]',9,1),(965,'2020-07-26 14:23:38.190825','33','60.0gr Nosler Ballistic Tip: Varmint @ 3400 FPS via 32.0gr of Benchmark',3,'',9,1),(966,'2020-07-26 14:24:58.293121','5','52.0gr Sierra Matchking HPBT @ 3647 FPS via 34.0gr of Benchmark',3,'',9,1),(967,'2020-07-26 14:25:40.535477','6','69.0gr Sierra Matchking HPBT @ 3068 FPS via 39.0gr of IMR 4350',3,'',9,1),(968,'2020-07-26 14:25:51.391049','7','55.0gr Nosler Ballistic Tip: Varmint @ 3358 FPS via 39.0gr of IMR 4350',3,'',9,1),(969,'2020-07-26 14:26:29.454153','15','60.0gr Nosler Ballistic Tip: Varmint @ 3438 FPS via 40.0gr of HS-6',3,'',9,1),(970,'2020-07-26 14:26:53.128881','16','50.0gr Hornady SPSX @ 3750 FPS via 34.0gr of Benchmark',3,'',9,1),(971,'2020-07-26 14:27:35.242575','18','50.0gr Barnes Varmint Grenade @ 2910 FPS via 23.0gr of IMR 4064',3,'',9,1),(972,'2020-07-26 14:47:09.162768','8','52.0gr Sierra Matchking HPBT @ 3358 FPS via 25.0gr of IMR 3031',3,'',9,1),(973,'2020-07-26 14:47:09.164794','39','50.0gr Hornady SPSX @ 3250 FPS via 25.0gr of Benchmark',3,'',9,1),(974,'2020-07-26 14:47:09.166151','37','53.0gr Sierra Bench Rest Hollow Point @ 3308 FPS via 26.0gr of Benchmark',3,'',9,1),(975,'2020-07-27 11:27:22.806584','38','2020-07-27 Added Images To News',1,'[{\"added\": {}}]',12,1),(976,'2020-07-27 11:28:34.593512','34','2020-06-30 Load Development Process Trail Change',2,'[{\"changed\": {\"fields\": [\"Published\"]}}]',12,1),(977,'2020-07-27 11:28:41.065378','34','2020-06-30 Load Development Process Trail Change',2,'[{\"changed\": {\"fields\": [\"Published\", \"Is Sticky\"]}}]',12,1),(978,'2020-07-27 11:55:42.919008','2','[False] - The blurb needs to be bigger...',1,'[{\"added\": {}}]',23,1),(979,'2020-07-27 11:55:47.753731','1','[False] - Farm invites after 3/30/2020 are canceled until further notice. We need to stop thinking \"I can\'t catch this\" to \"I have this and don\'t want to give it to others.\"',2,'[{\"changed\": {\"fields\": [\"Is Active\"]}}]',23,1),(980,'2020-07-27 12:02:56.667068','3','[True] - Not all shooters are the same. That part\'s obvious but also, not all firearms are created alike. Even if they are the same make and manufacture for the same caliber, they are different. They ',1,'[{\"added\": {}}]',23,1),(981,'2020-07-27 12:09:38.721128','3','[True] - Not all shooters are the same. That part\'s obvious but also, not all firearms are created alike. Even if they are the same make and manufacture for the same caliber, they are different. They ',2,'[{\"changed\": {\"fields\": [\"Blurb\"]}}]',23,1),(982,'2020-07-27 12:11:22.930593','3','[True] - Not all shooters are the same. That part\'s obvious but also, not all firearms are created alike. Even if they are the same make and manufacture for the same caliber, they are different. They ',2,'[{\"changed\": {\"fields\": [\"Blurb\"]}}]',23,1),(983,'2020-07-27 12:11:59.523416','3','[True] - <ul>\r\n<li>item one</li>\r\n<li>item two</li>\r\n</ul>',2,'[{\"changed\": {\"fields\": [\"Blurb\"]}}]',23,1),(984,'2020-07-27 12:12:16.130389','3','[True] - Not all shooters are the same. That part\'s obvious but also, not all firearms are created alike. Even if they are the same make and manufacture for the same caliber, they are different. They ',2,'[{\"changed\": {\"fields\": [\"Blurb\"]}}]',23,1),(985,'2020-07-27 12:13:31.028521','3','[True] - <ul>\r\n<li>Not all shooters are the same. That part\'s obvious but also, not all firearms are created alike. Even if they are the same make and manufacture for the same caliber, they are differ',2,'[{\"changed\": {\"fields\": [\"Blurb\"]}}]',23,1),(986,'2020-07-27 12:13:58.706612','3','[True] - <ul>\r\n<li>Not all shooters are the same. That part\'s obvious but also, not all firearms are created alike. Even if they are the same make and manufacture for the same caliber, they are differ',2,'[{\"changed\": {\"fields\": [\"Blurb\"]}}]',23,1),(987,'2020-07-27 12:14:59.704868','3','[True] - <ul>\r\n<li>Not all shooters are the same. That part\'s obvious but also, not all firearms are created alike. Even if they are the same make and manufacture for the same caliber, they are differ',2,'[]',23,1),(988,'2020-07-27 12:15:13.659810','4','[True] - Not all shooters are the same. That part\'s obvious but also, not all firearms are created alike. Even if they are the same make and manufacture for the same caliber, they are different. They ',1,'[{\"added\": {}}]',23,1),(989,'2020-07-27 12:15:36.525643','3','[False] - <ul>\r\n<li>Not all shooters are the same. That part\'s obvious but also, not all firearms are created alike. Even if they are the same make and manufacture for the same caliber, they are diffe',2,'[{\"changed\": {\"fields\": [\"Is Active\"]}}]',23,1),(990,'2020-07-27 12:16:34.578826','8','[8] - /',2,'[{\"changed\": {\"fields\": [\"Blurb\"]}}]',24,1),(991,'2020-07-27 12:17:08.826795','8','[8] - /',2,'[{\"changed\": {\"fields\": [\"Blurb\"]}}]',24,1),(992,'2020-08-07 01:27:52.747368','6','What should I shoot until crops are harvested?',1,'[{\"added\": {}}, {\"added\": {\"name\": \"choice\", \"object\": \"357 Magnum Pistol (or carbine)\"}}, {\"added\": {\"name\": \"choice\", \"object\": \"223 Iron Sites (no scope/dot)\"}}, {\"added\": {\"name\": \"choice\", \"object\": \"30 carbine\"}}, {\"added\": {\"name\": \"choice\", \"object\": \"other\"}}]',17,1),(993,'2020-08-11 16:24:11.221624','33','rfinnell',1,'[{\"added\": {}}]',4,1),(994,'2020-08-11 16:25:43.313020','5','Shamus',2,'[{\"changed\": {\"fields\": [\"password\"]}}]',4,1);
/*!40000 ALTER TABLE `django_admin_log` ENABLE KEYS */;
UNLOCK TABLES;

--
-- Table structure for table `django_content_type`
--

DROP TABLE IF EXISTS `django_content_type`;
/*!40101 SET @saved_cs_client     = @@character_set_client */;
/*!40101 SET character_set_client = utf8 */;
CREATE TABLE `django_content_type` (
  `id` int(11) NOT NULL AUTO_INCREMENT,
  `app_label` varchar(100) NOT NULL,
  `model` varchar(100) NOT NULL,
  PRIMARY KEY (`id`),
  UNIQUE KEY `django_content_type_app_label_model_76bd3d3b_uniq` (`app_label`,`model`)
) ENGINE=InnoDB AUTO_INCREMENT=28 DEFAULT CHARSET=latin1;
/*!40101 SET character_set_client = @saved_cs_client */;

--
-- Dumping data for table `django_content_type`
--

LOCK TABLES `django_content_type` WRITE;
/*!40000 ALTER TABLE `django_content_type` DISABLE KEYS */;
INSERT INTO `django_content_type` VALUES (1,'admin','logentry'),(27,'admin_toolbox','restartrequests'),(23,'announcements','mainpageblurbs'),(24,'announcements','pageblurboverrides'),(12,'announcements','whatisnew'),(3,'auth','group'),(2,'auth','permission'),(4,'auth','user'),(5,'contenttypes','contenttype'),(11,'farminvite','invitelisting'),(21,'groundhog_logbook','location'),(22,'groundhog_logbook','removalsbylocation'),(26,'loaddata','brass'),(13,'loaddata','caliber'),(10,'loaddata','estimateddope'),(14,'loaddata','firearm'),(9,'loaddata','handload'),(7,'loaddata','powder'),(25,'loaddata','primer'),(8,'loaddata','projectile'),(15,'polls','choice'),(17,'polls','poll'),(16,'polls','question'),(6,'sessions','session'),(19,'shooting_logbook','location'),(20,'shooting_logbook','shotcollection'),(18,'shooting_logbook','shotentry');
/*!40000 ALTER TABLE `django_content_type` ENABLE KEYS */;
UNLOCK TABLES;

--
-- Table structure for table `django_migrations`
--

DROP TABLE IF EXISTS `django_migrations`;
/*!40101 SET @saved_cs_client     = @@character_set_client */;
/*!40101 SET character_set_client = utf8 */;
CREATE TABLE `django_migrations` (
  `id` int(11) NOT NULL AUTO_INCREMENT,
  `app` varchar(255) NOT NULL,
  `name` varchar(255) NOT NULL,
  `applied` datetime(6) NOT NULL,
  PRIMARY KEY (`id`)
) ENGINE=InnoDB AUTO_INCREMENT=62 DEFAULT CHARSET=latin1;
/*!40101 SET character_set_client = @saved_cs_client */;

--
-- Dumping data for table `django_migrations`
--

LOCK TABLES `django_migrations` WRITE;
/*!40000 ALTER TABLE `django_migrations` DISABLE KEYS */;
INSERT INTO `django_migrations` VALUES (1,'contenttypes','0001_initial','2020-01-08 22:01:43.660176'),(2,'auth','0001_initial','2020-01-08 22:01:43.739019'),(3,'admin','0001_initial','2020-01-08 22:01:43.899896'),(4,'admin','0002_logentry_remove_auto_add','2020-01-08 22:01:43.936662'),(5,'admin','0003_logentry_add_action_flag_choices','2020-01-08 22:01:43.956838'),(6,'contenttypes','0002_remove_content_type_name','2020-01-08 22:01:44.015619'),(7,'auth','0002_alter_permission_name_max_length','2020-01-08 22:01:44.037630'),(8,'auth','0003_alter_user_email_max_length','2020-01-08 22:01:44.061915'),(9,'auth','0004_alter_user_username_opts','2020-01-08 22:01:44.083099'),(10,'auth','0005_alter_user_last_login_null','2020-01-08 22:01:44.112118'),(11,'auth','0006_require_contenttypes_0002','2020-01-08 22:01:44.114916'),(12,'auth','0007_alter_validators_add_error_messages','2020-01-08 22:01:44.131643'),(13,'auth','0008_alter_user_username_max_length','2020-01-08 22:01:44.160163'),(14,'auth','0009_alter_user_last_name_max_length','2020-01-08 22:01:44.190081'),(15,'auth','0010_alter_group_name_max_length','2020-01-08 22:01:44.217136'),(16,'auth','0011_update_proxy_permissions','2020-01-08 22:01:44.237945'),(17,'loaddata','0001_initial','2020-01-08 22:01:44.282300'),(18,'sessions','0001_initial','2020-01-08 22:01:44.314928'),(19,'loaddata','0002_estimateddope','2020-01-08 23:58:38.143928'),(20,'farminvite','0001_initial','2020-01-14 21:12:36.979393'),(21,'farminvite','0002_auto_20200114_2136','2020-01-14 21:36:24.782866'),(22,'farminvite','0003_auto_20200114_2158','2020-01-14 21:58:35.281511'),(23,'farminvite','0004_auto_20200117_1824','2020-01-17 23:24:28.376639'),(24,'farminvite','0005_invitelisting_show_listing','2020-01-18 01:25:50.671660'),(25,'farminvite','0006_auto_20200121_1753','2020-01-21 22:53:29.010353'),(26,'announcements','0001_initial','2020-01-28 18:24:26.816694'),(27,'announcements','0002_auto_20200128_1324','2020-01-28 18:24:26.821697'),(28,'announcements','0003_whatisnew_published','2020-01-28 20:16:22.428061'),(29,'loaddata','0003_auto_20200204_2134','2020-02-05 02:34:04.232610'),(30,'loaddata','0004_auto_20200204_2234','2020-02-05 03:34:04.057674'),(31,'loaddata','0005_auto_20200204_2246','2020-02-05 03:46:03.264011'),(32,'farminvite','0007_auto_20200205_1739','2020-02-05 22:39:56.140005'),(33,'loaddata','0006_auto_20200205_1911','2020-02-06 00:11:04.039654'),(34,'loaddata','0007_firearm_owner','2020-02-06 01:27:39.666068'),(35,'polls','0001_initial','2020-02-07 15:36:04.504865'),(36,'polls','0002_auto_20200207_1259','2020-02-07 17:59:04.016292'),(37,'shooting_logbook','0001_initial','2020-02-11 00:37:04.582462'),(38,'shooting_logbook','0002_auto_20200211_1851','2020-02-11 23:51:04.774002'),(39,'loaddata','0008_auto_20200214_1937','2020-02-15 00:37:04.097914'),(40,'farminvite','0008_invitelisting_cancel_code','2020-02-27 22:03:41.103295'),(41,'loaddata','0009_firearm_clicks_from_bottom_to_zero','2020-03-08 15:40:04.200423'),(42,'polls','0003_auto_20200308_1139','2020-03-08 15:40:04.415970'),(43,'loaddata','0010_auto_20200308_1232','2020-03-08 16:33:04.200563'),(44,'loaddata','0011_auto_20200309_1804','2020-03-09 22:04:37.498332'),(45,'announcements','0004_auto_20200310_2110','2020-03-11 01:10:04.267422'),(46,'shooting_logbook','0003_auto_20200312_2007','2020-03-13 00:07:04.144558'),(47,'shooting_logbook','0004_auto_20200312_2015','2020-03-13 00:15:03.853939'),(48,'groundhog_logbook','0001_initial','2020-03-15 22:49:04.035620'),(49,'announcements','0005_mainpageblurbs','2020-03-21 00:48:04.029641'),(50,'announcements','0006_pageblurboverrides','2020-03-21 01:31:20.113809'),(51,'loaddata','0012_auto_20200328_0712','2020-03-28 11:12:40.955352'),(52,'loaddata','0013_auto_20200331_1937','2020-03-31 23:37:04.435722'),(53,'loaddata','0014_auto_20200401_1743','2020-04-01 21:43:43.101442'),(54,'loaddata','0015_auto_20200401_1830','2020-04-01 22:30:04.357034'),(55,'loaddata','0016_auto_20200413_1313','2020-04-13 17:13:26.801492'),(56,'groundhog_logbook','0002_removalsbylocation_kill_shot','2020-04-13 18:58:39.923912'),(57,'groundhog_logbook','0003_auto_20200413_1544','2020-04-13 19:44:04.503560'),(58,'groundhog_logbook','0004_auto_20200622_2251','2020-06-23 02:51:05.286565'),(59,'groundhog_logbook','0005_removalsbylocation_extra_info','2020-07-06 15:09:06.416771'),(60,'announcements','0007_whatisnew_image_one','2020-07-27 11:14:54.109446'),(61,'announcements','0008_auto_20200727_0759','2020-07-27 11:59:05.092104');
/*!40000 ALTER TABLE `django_migrations` ENABLE KEYS */;
UNLOCK TABLES;

--
-- Table structure for table `django_session`
--

DROP TABLE IF EXISTS `django_session`;
/*!40101 SET @saved_cs_client     = @@character_set_client */;
/*!40101 SET character_set_client = utf8 */;
CREATE TABLE `django_session` (
  `session_key` varchar(40) NOT NULL,
  `session_data` longtext NOT NULL,
  `expire_date` datetime(6) NOT NULL,
  PRIMARY KEY (`session_key`),
  KEY `django_session_expire_date_a5c62663` (`expire_date`)
) ENGINE=InnoDB DEFAULT CHARSET=latin1;
/*!40101 SET character_set_client = @saved_cs_client */;

--
-- Dumping data for table `django_session`
--

LOCK TABLES `django_session` WRITE;
/*!40000 ALTER TABLE `django_session` DISABLE KEYS */;
INSERT INTO `django_session` VALUES ('00s5ugc49c5dltknds3wr3dtghx8lf81','ODkwYjg0YjMyNTcxNmU5Y2U2OTc2NGViN2U3MDA0Y2NiZWNkMWViZjp7Il9hdXRoX3VzZXJfaWQiOiIxIiwiX2F1dGhfdXNlcl9iYWNrZW5kIjoiZGphbmdvLmNvbnRyaWIuYXV0aC5iYWNrZW5kcy5Nb2RlbEJhY2tlbmQiLCJfYXV0aF91c2VyX2hhc2giOiJlN2ZkMGViNmM2MzQ4ZDQ0MDQzZDQxZThhM2VmZGRjMzFiNWUyMDE4In0=','2020-03-31 18:10:27.774308'),('202af32t2gzzpba2dircftarl4t0h42k','ODkwYjg0YjMyNTcxNmU5Y2U2OTc2NGViN2U3MDA0Y2NiZWNkMWViZjp7Il9hdXRoX3VzZXJfaWQiOiIxIiwiX2F1dGhfdXNlcl9iYWNrZW5kIjoiZGphbmdvLmNvbnRyaWIuYXV0aC5iYWNrZW5kcy5Nb2RlbEJhY2tlbmQiLCJfYXV0aF91c2VyX2hhc2giOiJlN2ZkMGViNmM2MzQ4ZDQ0MDQzZDQxZThhM2VmZGRjMzFiNWUyMDE4In0=','2020-08-18 23:01:08.094237'),('2lzdyiwc232jzqwreftz4e8jzgglnlih','ODkwYjg0YjMyNTcxNmU5Y2U2OTc2NGViN2U3MDA0Y2NiZWNkMWViZjp7Il9hdXRoX3VzZXJfaWQiOiIxIiwiX2F1dGhfdXNlcl9iYWNrZW5kIjoiZGphbmdvLmNvbnRyaWIuYXV0aC5iYWNrZW5kcy5Nb2RlbEJhY2tlbmQiLCJfYXV0aF91c2VyX2hhc2giOiJlN2ZkMGViNmM2MzQ4ZDQ0MDQzZDQxZThhM2VmZGRjMzFiNWUyMDE4In0=','2020-01-31 15:40:58.549024'),('323fu4xlb9h2wr5l4vltgyo1h9vg7dlc','ODkwYjg0YjMyNTcxNmU5Y2U2OTc2NGViN2U3MDA0Y2NiZWNkMWViZjp7Il9hdXRoX3VzZXJfaWQiOiIxIiwiX2F1dGhfdXNlcl9iYWNrZW5kIjoiZGphbmdvLmNvbnRyaWIuYXV0aC5iYWNrZW5kcy5Nb2RlbEJhY2tlbmQiLCJfYXV0aF91c2VyX2hhc2giOiJlN2ZkMGViNmM2MzQ4ZDQ0MDQzZDQxZThhM2VmZGRjMzFiNWUyMDE4In0=','2020-05-13 23:56:25.163632'),('3323fjlbl5yj67y00xf9os8eas8y0knt','ODkwYjg0YjMyNTcxNmU5Y2U2OTc2NGViN2U3MDA0Y2NiZWNkMWViZjp7Il9hdXRoX3VzZXJfaWQiOiIxIiwiX2F1dGhfdXNlcl9iYWNrZW5kIjoiZGphbmdvLmNvbnRyaWIuYXV0aC5iYWNrZW5kcy5Nb2RlbEJhY2tlbmQiLCJfYXV0aF91c2VyX2hhc2giOiJlN2ZkMGViNmM2MzQ4ZDQ0MDQzZDQxZThhM2VmZGRjMzFiNWUyMDE4In0=','2020-08-25 16:49:06.832784'),('3hvdxhegizd7k390n6m05nzmj1tlqbel','ODkwYjg0YjMyNTcxNmU5Y2U2OTc2NGViN2U3MDA0Y2NiZWNkMWViZjp7Il9hdXRoX3VzZXJfaWQiOiIxIiwiX2F1dGhfdXNlcl9iYWNrZW5kIjoiZGphbmdvLmNvbnRyaWIuYXV0aC5iYWNrZW5kcy5Nb2RlbEJhY2tlbmQiLCJfYXV0aF91c2VyX2hhc2giOiJlN2ZkMGViNmM2MzQ4ZDQ0MDQzZDQxZThhM2VmZGRjMzFiNWUyMDE4In0=','2020-06-03 17:06:13.243200'),('44lqg783sbeux5vkvap01agghapmf2bd','ODkwYjg0YjMyNTcxNmU5Y2U2OTc2NGViN2U3MDA0Y2NiZWNkMWViZjp7Il9hdXRoX3VzZXJfaWQiOiIxIiwiX2F1dGhfdXNlcl9iYWNrZW5kIjoiZGphbmdvLmNvbnRyaWIuYXV0aC5iYWNrZW5kcy5Nb2RlbEJhY2tlbmQiLCJfYXV0aF91c2VyX2hhc2giOiJlN2ZkMGViNmM2MzQ4ZDQ0MDQzZDQxZThhM2VmZGRjMzFiNWUyMDE4In0=','2020-06-11 22:09:30.073276'),('53bz20wep3gobwwfwn5sq67umfi9ihm6','OTY5NmJmMjViMjgzYTQzZmMwYzU4ZTMyYjhhOWI4YTUyNjhkNTY4ODp7Il9hdXRoX3VzZXJfaWQiOiI1IiwiX2F1dGhfdXNlcl9iYWNrZW5kIjoiZGphbmdvLmNvbnRyaWIuYXV0aC5iYWNrZW5kcy5Nb2RlbEJhY2tlbmQiLCJfYXV0aF91c2VyX2hhc2giOiI2YzBjMDkyNjBjOWQ0NjBkMDk2NDhjM2JiYjU2YTg0NDhmZGE0ODBhIn0=','2020-07-19 16:58:49.277145'),('5ilwe3w3lguaywia3tu5grraq5lyry7y','OTY5NmJmMjViMjgzYTQzZmMwYzU4ZTMyYjhhOWI4YTUyNjhkNTY4ODp7Il9hdXRoX3VzZXJfaWQiOiI1IiwiX2F1dGhfdXNlcl9iYWNrZW5kIjoiZGphbmdvLmNvbnRyaWIuYXV0aC5iYWNrZW5kcy5Nb2RlbEJhY2tlbmQiLCJfYXV0aF91c2VyX2hhc2giOiI2YzBjMDkyNjBjOWQ0NjBkMDk2NDhjM2JiYjU2YTg0NDhmZGE0ODBhIn0=','2020-06-13 01:03:00.842968'),('5kr8hncs9tc7tisqfjtp4m0he8rwtuvg','ODkwYjg0YjMyNTcxNmU5Y2U2OTc2NGViN2U3MDA0Y2NiZWNkMWViZjp7Il9hdXRoX3VzZXJfaWQiOiIxIiwiX2F1dGhfdXNlcl9iYWNrZW5kIjoiZGphbmdvLmNvbnRyaWIuYXV0aC5iYWNrZW5kcy5Nb2RlbEJhY2tlbmQiLCJfYXV0aF91c2VyX2hhc2giOiJlN2ZkMGViNmM2MzQ4ZDQ0MDQzZDQxZThhM2VmZGRjMzFiNWUyMDE4In0=','2020-06-26 15:07:05.719305'),('5wves2pg6yj0t8sq1375trnk4tacuwh1','ODkwYjg0YjMyNTcxNmU5Y2U2OTc2NGViN2U3MDA0Y2NiZWNkMWViZjp7Il9hdXRoX3VzZXJfaWQiOiIxIiwiX2F1dGhfdXNlcl9iYWNrZW5kIjoiZGphbmdvLmNvbnRyaWIuYXV0aC5iYWNrZW5kcy5Nb2RlbEJhY2tlbmQiLCJfYXV0aF91c2VyX2hhc2giOiJlN2ZkMGViNmM2MzQ4ZDQ0MDQzZDQxZThhM2VmZGRjMzFiNWUyMDE4In0=','2020-02-14 21:23:39.612149'),('6duf0kqfixfu886omzvu3q9p8p8gdxyj','ODkwYjg0YjMyNTcxNmU5Y2U2OTc2NGViN2U3MDA0Y2NiZWNkMWViZjp7Il9hdXRoX3VzZXJfaWQiOiIxIiwiX2F1dGhfdXNlcl9iYWNrZW5kIjoiZGphbmdvLmNvbnRyaWIuYXV0aC5iYWNrZW5kcy5Nb2RlbEJhY2tlbmQiLCJfYXV0aF91c2VyX2hhc2giOiJlN2ZkMGViNmM2MzQ4ZDQ0MDQzZDQxZThhM2VmZGRjMzFiNWUyMDE4In0=','2020-08-05 02:40:09.389298'),('84dr7mjqoet4wrt8d26fwprl0f6wh4bj','NzczM2MyYWM0YTk1MDQ3MTI1YjRhNjFjZWRkOWYwMTFjODQ5OTk0OTp7Il9hdXRoX3VzZXJfaWQiOiIyNiIsIl9hdXRoX3VzZXJfYmFja2VuZCI6ImRqYW5nby5jb250cmliLmF1dGguYmFja2VuZHMuTW9kZWxCYWNrZW5kIiwiX2F1dGhfdXNlcl9oYXNoIjoiYTc5ZGM4NDRmNTdiYzgyZDlmZGUwYzYzYmI2NGE2NzQ1YzlmZjdhYyJ9','2020-04-27 23:08:26.316006'),('8m2ckwsdqu0ouhoyl0w2jf63cdj9cas2','ODkwYjg0YjMyNTcxNmU5Y2U2OTc2NGViN2U3MDA0Y2NiZWNkMWViZjp7Il9hdXRoX3VzZXJfaWQiOiIxIiwiX2F1dGhfdXNlcl9iYWNrZW5kIjoiZGphbmdvLmNvbnRyaWIuYXV0aC5iYWNrZW5kcy5Nb2RlbEJhY2tlbmQiLCJfYXV0aF91c2VyX2hhc2giOiJlN2ZkMGViNmM2MzQ4ZDQ0MDQzZDQxZThhM2VmZGRjMzFiNWUyMDE4In0=','2020-04-27 22:33:17.996353'),('8x32lif6cecvxh4naw2jbio2ptp6idpu','OTY5NmJmMjViMjgzYTQzZmMwYzU4ZTMyYjhhOWI4YTUyNjhkNTY4ODp7Il9hdXRoX3VzZXJfaWQiOiI1IiwiX2F1dGhfdXNlcl9iYWNrZW5kIjoiZGphbmdvLmNvbnRyaWIuYXV0aC5iYWNrZW5kcy5Nb2RlbEJhY2tlbmQiLCJfYXV0aF91c2VyX2hhc2giOiI2YzBjMDkyNjBjOWQ0NjBkMDk2NDhjM2JiYjU2YTg0NDhmZGE0ODBhIn0=','2020-03-24 16:21:26.476002'),('97x6jonh02xz1hz8tcoq390m7yhgz4re','ODkwYjg0YjMyNTcxNmU5Y2U2OTc2NGViN2U3MDA0Y2NiZWNkMWViZjp7Il9hdXRoX3VzZXJfaWQiOiIxIiwiX2F1dGhfdXNlcl9iYWNrZW5kIjoiZGphbmdvLmNvbnRyaWIuYXV0aC5iYWNrZW5kcy5Nb2RlbEJhY2tlbmQiLCJfYXV0aF91c2VyX2hhc2giOiJlN2ZkMGViNmM2MzQ4ZDQ0MDQzZDQxZThhM2VmZGRjMzFiNWUyMDE4In0=','2020-07-20 14:49:43.526249'),('aguzey52tf73buy3bvlo4guc8u0ji4iq','OTY5NmJmMjViMjgzYTQzZmMwYzU4ZTMyYjhhOWI4YTUyNjhkNTY4ODp7Il9hdXRoX3VzZXJfaWQiOiI1IiwiX2F1dGhfdXNlcl9iYWNrZW5kIjoiZGphbmdvLmNvbnRyaWIuYXV0aC5iYWNrZW5kcy5Nb2RlbEJhY2tlbmQiLCJfYXV0aF91c2VyX2hhc2giOiI2YzBjMDkyNjBjOWQ0NjBkMDk2NDhjM2JiYjU2YTg0NDhmZGE0ODBhIn0=','2020-07-01 12:12:35.549918'),('aizmm7tgwmh83spkdzt1cfbibnbkwjsy','ODkwYjg0YjMyNTcxNmU5Y2U2OTc2NGViN2U3MDA0Y2NiZWNkMWViZjp7Il9hdXRoX3VzZXJfaWQiOiIxIiwiX2F1dGhfdXNlcl9iYWNrZW5kIjoiZGphbmdvLmNvbnRyaWIuYXV0aC5iYWNrZW5kcy5Nb2RlbEJhY2tlbmQiLCJfYXV0aF91c2VyX2hhc2giOiJlN2ZkMGViNmM2MzQ4ZDQ0MDQzZDQxZThhM2VmZGRjMzFiNWUyMDE4In0=','2020-03-13 22:24:31.255294'),('atwlbzeupxejkslua09y8ztb5rqufzf1','OTY5NmJmMjViMjgzYTQzZmMwYzU4ZTMyYjhhOWI4YTUyNjhkNTY4ODp7Il9hdXRoX3VzZXJfaWQiOiI1IiwiX2F1dGhfdXNlcl9iYWNrZW5kIjoiZGphbmdvLmNvbnRyaWIuYXV0aC5iYWNrZW5kcy5Nb2RlbEJhY2tlbmQiLCJfYXV0aF91c2VyX2hhc2giOiI2YzBjMDkyNjBjOWQ0NjBkMDk2NDhjM2JiYjU2YTg0NDhmZGE0ODBhIn0=','2020-05-02 23:41:34.195948'),('c5i7ryb7shkfgys85e7dfz3dnjhbv7sc','ODkwYjg0YjMyNTcxNmU5Y2U2OTc2NGViN2U3MDA0Y2NiZWNkMWViZjp7Il9hdXRoX3VzZXJfaWQiOiIxIiwiX2F1dGhfdXNlcl9iYWNrZW5kIjoiZGphbmdvLmNvbnRyaWIuYXV0aC5iYWNrZW5kcy5Nb2RlbEJhY2tlbmQiLCJfYXV0aF91c2VyX2hhc2giOiJlN2ZkMGViNmM2MzQ4ZDQ0MDQzZDQxZThhM2VmZGRjMzFiNWUyMDE4In0=','2020-08-13 12:09:42.793600'),('d22z8k8usywhntin03c4r3qty7rrb93y','ODkwYjg0YjMyNTcxNmU5Y2U2OTc2NGViN2U3MDA0Y2NiZWNkMWViZjp7Il9hdXRoX3VzZXJfaWQiOiIxIiwiX2F1dGhfdXNlcl9iYWNrZW5kIjoiZGphbmdvLmNvbnRyaWIuYXV0aC5iYWNrZW5kcy5Nb2RlbEJhY2tlbmQiLCJfYXV0aF91c2VyX2hhc2giOiJlN2ZkMGViNmM2MzQ4ZDQ0MDQzZDQxZThhM2VmZGRjMzFiNWUyMDE4In0=','2020-02-16 21:14:30.518431'),('db938920oscj5req8to26bv2bm5cc26i','ODkwYjg0YjMyNTcxNmU5Y2U2OTc2NGViN2U3MDA0Y2NiZWNkMWViZjp7Il9hdXRoX3VzZXJfaWQiOiIxIiwiX2F1dGhfdXNlcl9iYWNrZW5kIjoiZGphbmdvLmNvbnRyaWIuYXV0aC5iYWNrZW5kcy5Nb2RlbEJhY2tlbmQiLCJfYXV0aF91c2VyX2hhc2giOiJlN2ZkMGViNmM2MzQ4ZDQ0MDQzZDQxZThhM2VmZGRjMzFiNWUyMDE4In0=','2020-02-21 01:02:38.588562'),('dc5fxkjo26sb8nixj0z4n6v65tppg19f','ODkwYjg0YjMyNTcxNmU5Y2U2OTc2NGViN2U3MDA0Y2NiZWNkMWViZjp7Il9hdXRoX3VzZXJfaWQiOiIxIiwiX2F1dGhfdXNlcl9iYWNrZW5kIjoiZGphbmdvLmNvbnRyaWIuYXV0aC5iYWNrZW5kcy5Nb2RlbEJhY2tlbmQiLCJfYXV0aF91c2VyX2hhc2giOiJlN2ZkMGViNmM2MzQ4ZDQ0MDQzZDQxZThhM2VmZGRjMzFiNWUyMDE4In0=','2020-03-06 21:58:08.374115'),('do4rxypj3tdkm7gjix7goflwby8371xt','ODkwYjg0YjMyNTcxNmU5Y2U2OTc2NGViN2U3MDA0Y2NiZWNkMWViZjp7Il9hdXRoX3VzZXJfaWQiOiIxIiwiX2F1dGhfdXNlcl9iYWNrZW5kIjoiZGphbmdvLmNvbnRyaWIuYXV0aC5iYWNrZW5kcy5Nb2RlbEJhY2tlbmQiLCJfYXV0aF91c2VyX2hhc2giOiJlN2ZkMGViNmM2MzQ4ZDQ0MDQzZDQxZThhM2VmZGRjMzFiNWUyMDE4In0=','2020-08-20 23:54:53.178022'),('f1lj8yzgbhw1lkf6qp33niymnd22jypc','ODkwYjg0YjMyNTcxNmU5Y2U2OTc2NGViN2U3MDA0Y2NiZWNkMWViZjp7Il9hdXRoX3VzZXJfaWQiOiIxIiwiX2F1dGhfdXNlcl9iYWNrZW5kIjoiZGphbmdvLmNvbnRyaWIuYXV0aC5iYWNrZW5kcy5Nb2RlbEJhY2tlbmQiLCJfYXV0aF91c2VyX2hhc2giOiJlN2ZkMGViNmM2MzQ4ZDQ0MDQzZDQxZThhM2VmZGRjMzFiNWUyMDE4In0=','2020-04-06 22:56:25.940871'),('f8mi4deaqmx2z6rtiwtpfrczffbg75a0','ODkwYjg0YjMyNTcxNmU5Y2U2OTc2NGViN2U3MDA0Y2NiZWNkMWViZjp7Il9hdXRoX3VzZXJfaWQiOiIxIiwiX2F1dGhfdXNlcl9iYWNrZW5kIjoiZGphbmdvLmNvbnRyaWIuYXV0aC5iYWNrZW5kcy5Nb2RlbEJhY2tlbmQiLCJfYXV0aF91c2VyX2hhc2giOiJlN2ZkMGViNmM2MzQ4ZDQ0MDQzZDQxZThhM2VmZGRjMzFiNWUyMDE4In0=','2020-07-07 02:53:42.074507'),('futei2nz6n1w3b01qly9h0vdfyz5r7p7','ODkwYjg0YjMyNTcxNmU5Y2U2OTc2NGViN2U3MDA0Y2NiZWNkMWViZjp7Il9hdXRoX3VzZXJfaWQiOiIxIiwiX2F1dGhfdXNlcl9iYWNrZW5kIjoiZGphbmdvLmNvbnRyaWIuYXV0aC5iYWNrZW5kcy5Nb2RlbEJhY2tlbmQiLCJfYXV0aF91c2VyX2hhc2giOiJlN2ZkMGViNmM2MzQ4ZDQ0MDQzZDQxZThhM2VmZGRjMzFiNWUyMDE4In0=','2020-08-01 23:05:52.558610'),('ga3wc3izishef1d75v9yxa5sph6rbix0','ODkwYjg0YjMyNTcxNmU5Y2U2OTc2NGViN2U3MDA0Y2NiZWNkMWViZjp7Il9hdXRoX3VzZXJfaWQiOiIxIiwiX2F1dGhfdXNlcl9iYWNrZW5kIjoiZGphbmdvLmNvbnRyaWIuYXV0aC5iYWNrZW5kcy5Nb2RlbEJhY2tlbmQiLCJfYXV0aF91c2VyX2hhc2giOiJlN2ZkMGViNmM2MzQ4ZDQ0MDQzZDQxZThhM2VmZGRjMzFiNWUyMDE4In0=','2020-03-03 15:36:46.986011'),('gqs0gkfnfg6uvyhnmjr3t15vfmo0taj8','ODkwYjg0YjMyNTcxNmU5Y2U2OTc2NGViN2U3MDA0Y2NiZWNkMWViZjp7Il9hdXRoX3VzZXJfaWQiOiIxIiwiX2F1dGhfdXNlcl9iYWNrZW5kIjoiZGphbmdvLmNvbnRyaWIuYXV0aC5iYWNrZW5kcy5Nb2RlbEJhY2tlbmQiLCJfYXV0aF91c2VyX2hhc2giOiJlN2ZkMGViNmM2MzQ4ZDQ0MDQzZDQxZThhM2VmZGRjMzFiNWUyMDE4In0=','2020-07-17 15:12:36.438903'),('ikh13tncmmiigkfnsd1x20zpc6l4nukh','ODkwYjg0YjMyNTcxNmU5Y2U2OTc2NGViN2U3MDA0Y2NiZWNkMWViZjp7Il9hdXRoX3VzZXJfaWQiOiIxIiwiX2F1dGhfdXNlcl9iYWNrZW5kIjoiZGphbmdvLmNvbnRyaWIuYXV0aC5iYWNrZW5kcy5Nb2RlbEJhY2tlbmQiLCJfYXV0aF91c2VyX2hhc2giOiJlN2ZkMGViNmM2MzQ4ZDQ0MDQzZDQxZThhM2VmZGRjMzFiNWUyMDE4In0=','2020-05-26 01:21:38.565678'),('j8j863sep2eh1mta00hswcx9njnz9rsf','ODkwYjg0YjMyNTcxNmU5Y2U2OTc2NGViN2U3MDA0Y2NiZWNkMWViZjp7Il9hdXRoX3VzZXJfaWQiOiIxIiwiX2F1dGhfdXNlcl9iYWNrZW5kIjoiZGphbmdvLmNvbnRyaWIuYXV0aC5iYWNrZW5kcy5Nb2RlbEJhY2tlbmQiLCJfYXV0aF91c2VyX2hhc2giOiJlN2ZkMGViNmM2MzQ4ZDQ0MDQzZDQxZThhM2VmZGRjMzFiNWUyMDE4In0=','2020-02-12 15:57:29.864988'),('k567uklv3vlkcssz6y8p76lhyrcqdeba','ODkwYjg0YjMyNTcxNmU5Y2U2OTc2NGViN2U3MDA0Y2NiZWNkMWViZjp7Il9hdXRoX3VzZXJfaWQiOiIxIiwiX2F1dGhfdXNlcl9iYWNrZW5kIjoiZGphbmdvLmNvbnRyaWIuYXV0aC5iYWNrZW5kcy5Nb2RlbEJhY2tlbmQiLCJfYXV0aF91c2VyX2hhc2giOiJlN2ZkMGViNmM2MzQ4ZDQ0MDQzZDQxZThhM2VmZGRjMzFiNWUyMDE4In0=','2020-08-25 20:23:42.305800'),('l80o7m0uh4ajyck1lc6zrm5ottcqzfan','ODkwYjg0YjMyNTcxNmU5Y2U2OTc2NGViN2U3MDA0Y2NiZWNkMWViZjp7Il9hdXRoX3VzZXJfaWQiOiIxIiwiX2F1dGhfdXNlcl9iYWNrZW5kIjoiZGphbmdvLmNvbnRyaWIuYXV0aC5iYWNrZW5kcy5Nb2RlbEJhY2tlbmQiLCJfYXV0aF91c2VyX2hhc2giOiJlN2ZkMGViNmM2MzQ4ZDQ0MDQzZDQxZThhM2VmZGRjMzFiNWUyMDE4In0=','2020-04-24 20:54:38.666773'),('li82ch9zf6av6owny2cjbr1sl542uk8s','NjUzYTRjOTI3OGU2Y2FmODY4NTMxMTQzMTVmZjc4ZDJlMzQ5YmYwNjp7Il9hdXRoX3VzZXJfaWQiOiIxOCIsIl9hdXRoX3VzZXJfYmFja2VuZCI6ImRqYW5nby5jb250cmliLmF1dGguYmFja2VuZHMuTW9kZWxCYWNrZW5kIiwiX2F1dGhfdXNlcl9oYXNoIjoiNjRmNTc4MDI5YTEwMWJhNjM0ZWFhYTZkZjgwMjYyMTkzMDQwODIxZiJ9','2020-03-26 23:44:59.319444'),('mr56ykn2nsgaryrvbhknxi712tbru2kl','ODkwYjg0YjMyNTcxNmU5Y2U2OTc2NGViN2U3MDA0Y2NiZWNkMWViZjp7Il9hdXRoX3VzZXJfaWQiOiIxIiwiX2F1dGhfdXNlcl9iYWNrZW5kIjoiZGphbmdvLmNvbnRyaWIuYXV0aC5iYWNrZW5kcy5Nb2RlbEJhY2tlbmQiLCJfYXV0aF91c2VyX2hhc2giOiJlN2ZkMGViNmM2MzQ4ZDQ0MDQzZDQxZThhM2VmZGRjMzFiNWUyMDE4In0=','2020-02-01 13:29:23.799342'),('mufllwe0a1lgfou5je53t199cho98hv3','OTY5NmJmMjViMjgzYTQzZmMwYzU4ZTMyYjhhOWI4YTUyNjhkNTY4ODp7Il9hdXRoX3VzZXJfaWQiOiI1IiwiX2F1dGhfdXNlcl9iYWNrZW5kIjoiZGphbmdvLmNvbnRyaWIuYXV0aC5iYWNrZW5kcy5Nb2RlbEJhY2tlbmQiLCJfYXV0aF91c2VyX2hhc2giOiI2YzBjMDkyNjBjOWQ0NjBkMDk2NDhjM2JiYjU2YTg0NDhmZGE0ODBhIn0=','2020-05-24 02:05:18.369555'),('owtnuqd94yhvdziuky4d8e1pak4qlsve','ODkwYjg0YjMyNTcxNmU5Y2U2OTc2NGViN2U3MDA0Y2NiZWNkMWViZjp7Il9hdXRoX3VzZXJfaWQiOiIxIiwiX2F1dGhfdXNlcl9iYWNrZW5kIjoiZGphbmdvLmNvbnRyaWIuYXV0aC5iYWNrZW5kcy5Nb2RlbEJhY2tlbmQiLCJfYXV0aF91c2VyX2hhc2giOiJlN2ZkMGViNmM2MzQ4ZDQ0MDQzZDQxZThhM2VmZGRjMzFiNWUyMDE4In0=','2020-02-28 20:57:05.942412'),('qcy5hh3n8wyuh191acqi0a7pkxqrjw3d','ODkwYjg0YjMyNTcxNmU5Y2U2OTc2NGViN2U3MDA0Y2NiZWNkMWViZjp7Il9hdXRoX3VzZXJfaWQiOiIxIiwiX2F1dGhfdXNlcl9iYWNrZW5kIjoiZGphbmdvLmNvbnRyaWIuYXV0aC5iYWNrZW5kcy5Nb2RlbEJhY2tlbmQiLCJfYXV0aF91c2VyX2hhc2giOiJlN2ZkMGViNmM2MzQ4ZDQ0MDQzZDQxZThhM2VmZGRjMzFiNWUyMDE4In0=','2020-07-30 10:55:40.612989'),('r3zse1thu6j2cygvslgtsu14z3dm12jh','ODkwYjg0YjMyNTcxNmU5Y2U2OTc2NGViN2U3MDA0Y2NiZWNkMWViZjp7Il9hdXRoX3VzZXJfaWQiOiIxIiwiX2F1dGhfdXNlcl9iYWNrZW5kIjoiZGphbmdvLmNvbnRyaWIuYXV0aC5iYWNrZW5kcy5Nb2RlbEJhY2tlbmQiLCJfYXV0aF91c2VyX2hhc2giOiJlN2ZkMGViNmM2MzQ4ZDQ0MDQzZDQxZThhM2VmZGRjMzFiNWUyMDE4In0=','2020-04-28 18:11:24.928494'),('r4ham2z9od7ccf1jmo20qxq6hmf533yz','ODkwYjg0YjMyNTcxNmU5Y2U2OTc2NGViN2U3MDA0Y2NiZWNkMWViZjp7Il9hdXRoX3VzZXJfaWQiOiIxIiwiX2F1dGhfdXNlcl9iYWNrZW5kIjoiZGphbmdvLmNvbnRyaWIuYXV0aC5iYWNrZW5kcy5Nb2RlbEJhY2tlbmQiLCJfYXV0aF91c2VyX2hhc2giOiJlN2ZkMGViNmM2MzQ4ZDQ0MDQzZDQxZThhM2VmZGRjMzFiNWUyMDE4In0=','2020-08-03 03:00:07.426788'),('s20emrvtr743xjqld7q81j9vi3kssyx7','ODkwYjg0YjMyNTcxNmU5Y2U2OTc2NGViN2U3MDA0Y2NiZWNkMWViZjp7Il9hdXRoX3VzZXJfaWQiOiIxIiwiX2F1dGhfdXNlcl9iYWNrZW5kIjoiZGphbmdvLmNvbnRyaWIuYXV0aC5iYWNrZW5kcy5Nb2RlbEJhY2tlbmQiLCJfYXV0aF91c2VyX2hhc2giOiJlN2ZkMGViNmM2MzQ4ZDQ0MDQzZDQxZThhM2VmZGRjMzFiNWUyMDE4In0=','2020-02-21 00:37:24.194636'),('tlda0u83b2cz6yijhohs276l1aeumuvt','ODkwYjg0YjMyNTcxNmU5Y2U2OTc2NGViN2U3MDA0Y2NiZWNkMWViZjp7Il9hdXRoX3VzZXJfaWQiOiIxIiwiX2F1dGhfdXNlcl9iYWNrZW5kIjoiZGphbmdvLmNvbnRyaWIuYXV0aC5iYWNrZW5kcy5Nb2RlbEJhY2tlbmQiLCJfYXV0aF91c2VyX2hhc2giOiJlN2ZkMGViNmM2MzQ4ZDQ0MDQzZDQxZThhM2VmZGRjMzFiNWUyMDE4In0=','2020-06-01 21:15:06.390868'),('tskqic2b3jp1kw24oihejolo57jxhwvl','OTY5NmJmMjViMjgzYTQzZmMwYzU4ZTMyYjhhOWI4YTUyNjhkNTY4ODp7Il9hdXRoX3VzZXJfaWQiOiI1IiwiX2F1dGhfdXNlcl9iYWNrZW5kIjoiZGphbmdvLmNvbnRyaWIuYXV0aC5iYWNrZW5kcy5Nb2RlbEJhY2tlbmQiLCJfYXV0aF91c2VyX2hhc2giOiI2YzBjMDkyNjBjOWQ0NjBkMDk2NDhjM2JiYjU2YTg0NDhmZGE0ODBhIn0=','2020-03-25 01:18:45.415292'),('tvf3uyme3sv3ylh3orlq04fvgkmckx79','ODkwYjg0YjMyNTcxNmU5Y2U2OTc2NGViN2U3MDA0Y2NiZWNkMWViZjp7Il9hdXRoX3VzZXJfaWQiOiIxIiwiX2F1dGhfdXNlcl9iYWNrZW5kIjoiZGphbmdvLmNvbnRyaWIuYXV0aC5iYWNrZW5kcy5Nb2RlbEJhY2tlbmQiLCJfYXV0aF91c2VyX2hhc2giOiJlN2ZkMGViNmM2MzQ4ZDQ0MDQzZDQxZThhM2VmZGRjMzFiNWUyMDE4In0=','2020-08-19 03:38:46.027702'),('udygxwsv3722ps0w4r0t5kdn2eo4g2ei','ODkwYjg0YjMyNTcxNmU5Y2U2OTc2NGViN2U3MDA0Y2NiZWNkMWViZjp7Il9hdXRoX3VzZXJfaWQiOiIxIiwiX2F1dGhfdXNlcl9iYWNrZW5kIjoiZGphbmdvLmNvbnRyaWIuYXV0aC5iYWNrZW5kcy5Nb2RlbEJhY2tlbmQiLCJfYXV0aF91c2VyX2hhc2giOiJlN2ZkMGViNmM2MzQ4ZDQ0MDQzZDQxZThhM2VmZGRjMzFiNWUyMDE4In0=','2020-06-15 22:21:51.293549'),('v7ad5ctiha08zfb6oc8n747x6ilomdub','OTY5NmJmMjViMjgzYTQzZmMwYzU4ZTMyYjhhOWI4YTUyNjhkNTY4ODp7Il9hdXRoX3VzZXJfaWQiOiI1IiwiX2F1dGhfdXNlcl9iYWNrZW5kIjoiZGphbmdvLmNvbnRyaWIuYXV0aC5iYWNrZW5kcy5Nb2RlbEJhY2tlbmQiLCJfYXV0aF91c2VyX2hhc2giOiI2YzBjMDkyNjBjOWQ0NjBkMDk2NDhjM2JiYjU2YTg0NDhmZGE0ODBhIn0=','2020-04-14 23:43:43.747738'),('vhkps1y7m0wpnjwebf9mii86f37jxzux','ODkwYjg0YjMyNTcxNmU5Y2U2OTc2NGViN2U3MDA0Y2NiZWNkMWViZjp7Il9hdXRoX3VzZXJfaWQiOiIxIiwiX2F1dGhfdXNlcl9iYWNrZW5kIjoiZGphbmdvLmNvbnRyaWIuYXV0aC5iYWNrZW5kcy5Nb2RlbEJhY2tlbmQiLCJfYXV0aF91c2VyX2hhc2giOiJlN2ZkMGViNmM2MzQ4ZDQ0MDQzZDQxZThhM2VmZGRjMzFiNWUyMDE4In0=','2020-04-15 22:43:36.024852'),('vqj2mgzk73rcoxyxj7lcut800p5n4hdy','ODkwYjg0YjMyNTcxNmU5Y2U2OTc2NGViN2U3MDA0Y2NiZWNkMWViZjp7Il9hdXRoX3VzZXJfaWQiOiIxIiwiX2F1dGhfdXNlcl9iYWNrZW5kIjoiZGphbmdvLmNvbnRyaWIuYXV0aC5iYWNrZW5kcy5Nb2RlbEJhY2tlbmQiLCJfYXV0aF91c2VyX2hhc2giOiJlN2ZkMGViNmM2MzQ4ZDQ0MDQzZDQxZThhM2VmZGRjMzFiNWUyMDE4In0=','2020-01-27 21:17:14.205123'),('vt7r4amcslumax1bstutso44mk9cnkcy','ODkwYjg0YjMyNTcxNmU5Y2U2OTc2NGViN2U3MDA0Y2NiZWNkMWViZjp7Il9hdXRoX3VzZXJfaWQiOiIxIiwiX2F1dGhfdXNlcl9iYWNrZW5kIjoiZGphbmdvLmNvbnRyaWIuYXV0aC5iYWNrZW5kcy5Nb2RlbEJhY2tlbmQiLCJfYXV0aF91c2VyX2hhc2giOiJlN2ZkMGViNmM2MzQ4ZDQ0MDQzZDQxZThhM2VmZGRjMzFiNWUyMDE4In0=','2020-07-13 10:27:30.476600'),('watyetdnsrjjldyiwmdc4ynr869w0unh','OTY5NmJmMjViMjgzYTQzZmMwYzU4ZTMyYjhhOWI4YTUyNjhkNTY4ODp7Il9hdXRoX3VzZXJfaWQiOiI1IiwiX2F1dGhfdXNlcl9iYWNrZW5kIjoiZGphbmdvLmNvbnRyaWIuYXV0aC5iYWNrZW5kcy5Nb2RlbEJhY2tlbmQiLCJfYXV0aF91c2VyX2hhc2giOiI2YzBjMDkyNjBjOWQ0NjBkMDk2NDhjM2JiYjU2YTg0NDhmZGE0ODBhIn0=','2020-08-04 18:04:33.846118'),('we2j8ej76m4zei3ly9q3wyolrgtypr7j','Y2VmZjRjOGFmN2QxY2NlZTU3M2IzNTgxYTcyNGRlNjFmODQ3N2Y5ODp7Il9hdXRoX3VzZXJfaWQiOiIxIiwiX2F1dGhfdXNlcl9iYWNrZW5kIjoiZGphbmdvLmNvbnRyaWIuYXV0aC5iYWNrZW5kcy5Nb2RlbEJhY2tlbmQiLCJfYXV0aF91c2VyX2hhc2giOiI2YTJkYTFiYjZjOGFiZjZlYTE2ZDI1MDhmMGUzM2FkYmZiZWNmMzliIn0=','2020-01-22 22:56:54.599250'),('wvvb8445hd2vrd9ispy6ldyr91wikgvl','ODkwYjg0YjMyNTcxNmU5Y2U2OTc2NGViN2U3MDA0Y2NiZWNkMWViZjp7Il9hdXRoX3VzZXJfaWQiOiIxIiwiX2F1dGhfdXNlcl9iYWNrZW5kIjoiZGphbmdvLmNvbnRyaWIuYXV0aC5iYWNrZW5kcy5Nb2RlbEJhY2tlbmQiLCJfYXV0aF91c2VyX2hhc2giOiJlN2ZkMGViNmM2MzQ4ZDQ0MDQzZDQxZThhM2VmZGRjMzFiNWUyMDE4In0=','2020-05-02 05:28:12.979471');
/*!40000 ALTER TABLE `django_session` ENABLE KEYS */;
UNLOCK TABLES;

--
-- Table structure for table `farminvite_invitelisting`
--

DROP TABLE IF EXISTS `farminvite_invitelisting`;
/*!40101 SET @saved_cs_client     = @@character_set_client */;
/*!40101 SET character_set_client = utf8 */;
CREATE TABLE `farminvite_invitelisting` (
  `id` int(11) NOT NULL AUTO_INCREMENT,
  `Invite_Date` date NOT NULL,
  `MDShooters_Name` varchar(50) DEFAULT NULL,
  `Phone_Number` varchar(20) DEFAULT NULL,
  `EMail` varchar(150) DEFAULT NULL,
  `Invite_Secondary` tinyint(1),
  `Real_Name` varchar(50) DEFAULT NULL,
  `Event_Notes` longtext,
  `Hours_Late` decimal(4,2),
  `Show_Listing` tinyint(1) NOT NULL,
  `Desired_Time_Slot` varchar(2) NOT NULL,
  `Cancel_Code` varchar(22) NOT NULL,
  PRIMARY KEY (`id`)
) ENGINE=InnoDB AUTO_INCREMENT=78 DEFAULT CHARSET=latin1;
/*!40101 SET character_set_client = @saved_cs_client */;

--
-- Dumping data for table `farminvite_invitelisting`
--

LOCK TABLES `farminvite_invitelisting` WRITE;
/*!40000 ALTER TABLE `farminvite_invitelisting` DISABLE KEYS */;
INSERT INTO `farminvite_invitelisting` VALUES (1,'2020-02-01','ToolAA','443-538-5277','toolaa2000@gmail.com',0,'John','1/28/2020 - Some lady replied to text. He gave a bad phone number to reach him. 443-537-5276\r\n\r\n1/28/2020 - Removed email per no replies at this time: toolaa2000@gmail.com\r\n\r\n1/28/2020 - 9:30pm reply: Sorry about my mistake.  Either I fat fingered while typing or didn’t have my readers on.  I am still looking forward to joining you Saturday morning.  \r\n\r\n1/29/2020 - Entered info, registration complete again.',0.00,1,'AM','InviteActive'),(2,'2020-02-01','SquareGrouper','410-218-3182','kyleleister@gmail.com',0,'Kyle Leister','',0.00,1,'PM','InviteActive'),(3,'2020-03-21','RickInBoots','719-235-8977',NULL,0,'Ricky','',0.00,1,'AM','InviteActive'),(4,'2020-04-25','BigCity','443-974-0206','pant412@yahoo.com',0,'John','I rescheduled him.',0.00,1,'AM','AdminCanceledGood'),(5,'2020-02-22','rpker','301-659-3666','rp55395@gmail.com',0,'Robert Parker (secure)','Canceled in enough time. No negative points.',0.00,0,'AM','InviteActive'),(8,'2020-04-11','rbird7282','301-785-8927','rbird7282@verizon.net',0,NULL,'',0.00,1,'AM','AdminCanceledGood'),(9,'2020-04-11','hillbilly grandpa','443-668-0668','p3@pobox.com',0,'George Collis','',0.00,1,'PM','AdminCanceledGood'),(10,'2020-05-09','JohnnyE','202-285-0949','john.kerekes@myquickcell.com',0,NULL,'',0.00,1,'AM','AdminCanceledGood'),(11,'2020-03-14','Clif','410-744-2878','darby@stsci.edu',0,'Clifton Darby','',0.00,1,'PM','AdminCanceledGood'),(12,'2020-02-29','Magnumst','410-984-7217','magnumcontracting@yahoo.com',0,'Scott Thomas','Canceled on a Wednesday after I had to reschedule him.',0.00,1,'PM','GuestCanceledGood'),(13,'2020-02-08','MacM',NULL,'Mack@SolidThinking.org',1,NULL,'',0.00,0,'PM','InviteActive'),(14,'2020-02-29','Dremort','703-338-3722','eric.mckenna@gmail.com',0,'Eric McKenna','',0.00,1,'AM','InviteActive'),(17,'2020-03-28','milesprower','240-676-5488','milesprower05@yahoo.com',0,'Sean Spencer (work)','',0.00,1,'PM','InviteActive'),(19,'2020-04-18','mat','443-635-6373','manasseh61@hotmail.com',0,'Matias Manasseh','',0.00,1,'PM','AdminCanceledGood'),(24,'2020-02-08','MacMoov','301-253-2147','mark@manderson.com',0,'Mark Anderson','',0.00,1,'PM','InviteActive'),(25,'2020-04-18','Balzer94','240-446-2343','Jonbalzer1994@gmail.com',0,NULL,'',0.00,1,'AM','AdminCanceledGood'),(29,'2020-02-15','Kimberly','202-391-1198','KimNParker@gmail.com',0,'Kimberly Parker (From Work)','private session',0.00,0,'PM','InviteActive'),(30,'2020-02-22','Pinecone','443-255-4196',NULL,0,'Terry','Canceled in enough time. No negative points.',0.00,0,'PM','InviteActive'),(32,'2020-03-28','Swaim13','240-678-5752',NULL,0,'Tim','',0.00,1,'AM','AdminCanceledGood'),(33,'2020-03-21','SLOT AVAILABLE',NULL,NULL,0,NULL,'',0.00,1,'PM','AdminCanceledGood'),(34,'2020-02-15','bbradshaw21','410-236-0767','bradshawATC@gmail.com',1,'Brian Bradshaw',NULL,0.00,1,'AM','InviteActive'),(38,'2020-02-08','SLOT AVAILABLE',NULL,NULL,1,NULL,'',0.00,0,'AM','InviteActive'),(52,'2020-04-04','Forest',NULL,'forestplatt@gmail.com',1,'Forest Platt','',0.00,1,'AM','InviteActive'),(53,'2020-04-04','Forest',NULL,'forestplatt@gmail.com',1,NULL,'',0.00,1,'PM','InviteActive'),(64,'2020-01-26','Surt','(443) 281-9750','jjpekas@gmail.com',0,'Justin Pekas',NULL,0.00,0,'AM','InviteActive'),(65,'2020-02-08','Elias','918-892-2618','elias.e.mcwilliams@gmail.com',0,'Elias McWilliams (WORK)','I canceled event.',0.00,1,'AM','InviteActive'),(66,'2020-02-22','GGGGOAT','4103714162','redsled2@gmail.com',0,'Tim Eisel (WORK)','',0.00,1,'AM','InviteActive'),(67,'2020-02-09','SRSmit','1234561234','srsmith0922@gmail.com',0,'Steve Smith (WORK)','',0.00,1,'AM','InviteActive'),(68,'2020-03-14','GGGGOAT','410-371-4162','redsled2@gmail.com',0,'Tim Eisel (WORK)','',0.00,1,'AM','AdminCanceledGood'),(69,'2020-03-28','ansoliman',NULL,'ansoliman@gmail.com',1,'Ahmad Soliman (Work)','',0.00,1,'PM','InviteActive'),(70,'2020-02-15','Eric',NULL,NULL,1,'Eric','',0.00,0,'PM','InviteActive'),(71,'2020-02-26','GGGGOAT','4103714162','redsled2@gmail.com',0,'Tim Eisel',NULL,0.00,0,'AM','InviteActive'),(72,'2020-02-26','GGGGOAT','4103714162','redsled2@gmail.com',0,'Tim Eisel',NULL,0.00,0,'PM','InviteActive'),(73,'2020-03-07','Shamus','301 000 1234','shamus@gmail.com',0,'Shamus','',0.00,1,'AM','InviteActive'),(74,'2020-03-21','Sarah','123 456 4567','notreal@all.com',0,'Sarah Hover','',0.00,1,'AM','InviteActive'),(75,'2020-02-29','SLOT AVAILABLE',NULL,NULL,0,NULL,'',0.00,1,'PM','InviteActive'),(76,'2020-03-28','Christy','123 456 1234','notreal@all.com',0,'Christy Knight','',0.00,1,'AM','InviteActive'),(77,'2020-06-10','DaemonAssassin',NULL,NULL,0,NULL,'Disrespectful on mdshooters forum: https://www.mdshooters.com/showthread.php?p=5929308#post5929308',0.00,0,'AM','AdminCanceledBad');
/*!40000 ALTER TABLE `farminvite_invitelisting` ENABLE KEYS */;
UNLOCK TABLES;

--
-- Table structure for table `groundhog_logbook_location`
--

DROP TABLE IF EXISTS `groundhog_logbook_location`;
/*!40101 SET @saved_cs_client     = @@character_set_client */;
/*!40101 SET character_set_client = utf8 */;
CREATE TABLE `groundhog_logbook_location` (
  `id` int(11) NOT NULL AUTO_INCREMENT,
  `nickname` varchar(150) DEFAULT NULL,
  `elevation` decimal(5,0) DEFAULT NULL,
  `latitude` decimal(12,7) DEFAULT NULL,
  `longitude` decimal(12,7) DEFAULT NULL,
  PRIMARY KEY (`id`)
) ENGINE=InnoDB AUTO_INCREMENT=28 DEFAULT CHARSET=latin1;
/*!40101 SET character_set_client = @saved_cs_client */;

--
-- Dumping data for table `groundhog_logbook_location`
--

LOCK TABLES `groundhog_logbook_location` WRITE;
/*!40000 ALTER TABLE `groundhog_logbook_location` DISABLE KEYS */;
INSERT INTO `groundhog_logbook_location` VALUES (1,'Big Field: Pear Tree',764,39.5619483,-77.0293790),(2,'Big Field: South Ridge',764,39.6164390,-77.0301520),(3,'Big Field: Animal Highway',764,39.6172160,-77.0281350),(4,'Big Field: Alcove',764,39.6199380,-77.0281110),(5,'Small Field: South Side near tractor road',764,39.6210460,-77.0298910),(6,'Small Field: Fox Den',764,39.6222210,-77.0292030),(7,'Party Field: Shade Tree',764,39.6224050,-77.0280840),(8,'Ridge Field: Sit Spot',764,39.6171920,-77.0302890),(9,'Ridge Field: South Edge',764,39.6165230,-77.0300480),(10,'Ridge Field: East Southern Section',764,39.6171160,-77.0297240),(11,'Big Field: After Dropoff',764,39.6176590,-77.0288380),(12,'Big Field: Just Into Woods (2x)',764,39.6167560,-77.0291270),(13,'Blueberry Hill: South Woods, North of crops',764,39.6223660,-77.0242680),(14,'Blueberry Hill: Woods Near Camp Site',764,39.6224890,-77.0236670),(15,'Party Field: 9 O\'Clock of Shade Tree',764,39.6224540,-77.0285720),(16,'Party Field: 3 O\'Clock of Shade Tree',764,39.6224320,-77.0279120),(17,'Garden: West Edge',764,39.6215910,-77.0270520),(18,'Barn: South corner Near foot path',764,39.6212340,-77.0276600),(19,'BigField: FarAlcove',764,39.6184733,-77.0276919),(20,'BigField: Near road NORTHWEST',764,39.6210615,-77.0290055),(21,'Ridge Road',764,39.6205329,-77.0304459),(22,'BigField: 2/3 to cherry tree',764,39.6198632,-77.0298715),(23,'BigField: Mid crop split 150y',764,39.6199020,-77.0291571),(24,'Strip south of animal highway',764,39.6166284,-77.0283521),(25,'Just past drop off',764,39.6179260,-77.0292258),(26,'Small Field: West fence',764,39.6216395,-77.0302957),(27,'BigField: west line  to pear tree',764,39.6202077,-77.0299557);
/*!40000 ALTER TABLE `groundhog_logbook_location` ENABLE KEYS */;
UNLOCK TABLES;

--
-- Table structure for table `groundhog_logbook_removalsbylocation`
--

DROP TABLE IF EXISTS `groundhog_logbook_removalsbylocation`;
/*!40101 SET @saved_cs_client     = @@character_set_client */;
/*!40101 SET character_set_client = utf8 */;
CREATE TABLE `groundhog_logbook_removalsbylocation` (
  `id` int(11) NOT NULL AUTO_INCREMENT,
  `removal_date` date NOT NULL,
  `estimated_weight_lbs` decimal(4,2) NOT NULL,
  `excessive_wound_cavity` tinyint(1) NOT NULL,
  `shot_distance_yards` decimal(4,0) NOT NULL,
  `sex` varchar(20) NOT NULL,
  `firearm_id` int(11) NOT NULL,
  `load_id` int(11) NOT NULL,
  `location_id` int(11) NOT NULL,
  `shooter_id` int(11) DEFAULT NULL,
  `kill_shot` varchar(100) DEFAULT NULL,
  `kill_shot_two` varchar(100) DEFAULT NULL,
  `removal_time` time(6) DEFAULT NULL,
  `extra_info` longtext,
  PRIMARY KEY (`id`),
  KEY `groundhog_logbook_re_firearm_id_a0ae8918_fk_loaddata_` (`firearm_id`),
  KEY `groundhog_logbook_re_load_id_8ce3e4ae_fk_loaddata_` (`load_id`),
  KEY `groundhog_logbook_re_location_id_1e3b1a10_fk_groundhog` (`location_id`),
  KEY `groundhog_logbook_re_shooter_id_cae3c3af_fk_auth_user` (`shooter_id`),
  CONSTRAINT `groundhog_logbook_re_firearm_id_a0ae8918_fk_loaddata_` FOREIGN KEY (`firearm_id`) REFERENCES `loaddata_firearm` (`id`),
  CONSTRAINT `groundhog_logbook_re_load_id_8ce3e4ae_fk_loaddata_` FOREIGN KEY (`load_id`) REFERENCES `loaddata_handload` (`id`),
  CONSTRAINT `groundhog_logbook_re_location_id_1e3b1a10_fk_groundhog` FOREIGN KEY (`location_id`) REFERENCES `groundhog_logbook_location` (`id`),
  CONSTRAINT `groundhog_logbook_re_shooter_id_cae3c3af_fk_auth_user` FOREIGN KEY (`shooter_id`) REFERENCES `auth_user` (`id`)
) ENGINE=InnoDB AUTO_INCREMENT=30 DEFAULT CHARSET=latin1;
/*!40101 SET character_set_client = @saved_cs_client */;

--
-- Dumping data for table `groundhog_logbook_removalsbylocation`
--

LOCK TABLES `groundhog_logbook_removalsbylocation` WRITE;
/*!40000 ALTER TABLE `groundhog_logbook_removalsbylocation` DISABLE KEYS */;
INSERT INTO `groundhog_logbook_removalsbylocation` VALUES (1,'2020-03-15',10.25,1,260,'MALE',1,1,4,1,'','','14:00:00.000000',NULL),(2,'2020-03-26',10.25,0,302,'UNKNOWN',4,4,19,1,'','','12:00:00.000000',NULL),(4,'2019-03-16',8.00,0,175,'FEMALE',10,21,3,5,'','','10:09:00.000000',NULL),(5,'2020-04-02',8.00,0,168,'FEMALE',1,1,22,1,'','','16:00:00.000000',NULL),(6,'2020-04-02',7.00,0,15,'FEMALE',9,11,5,1,'','','16:00:00.000000',NULL),(7,'2020-04-11',5.00,0,273,'MALE',4,4,24,1,'uploads/groundhog_kill_shots/E16B18CE-989E-4267-AB3F-26C84C8A857C.jpeg','','15:00:00.000000',NULL),(8,'2020-04-11',7.00,1,278,'MALE',4,4,24,1,'uploads/groundhog_kill_shots/DE3BB30F-D661-4CDB-BCD0-C17F821DB5DD.jpeg','','15:00:00.000000',NULL),(9,'2020-04-15',9.00,0,217,'UNKNOWN',1,1,24,1,'','','14:00:00.000000','I forget for sure but i\'m guessing that heat index prevented me from wanting to walk out to take a picture. Sex and wound cavity are unknown. Weight is an estimation based off previously dispatched groundhogs of the same size.'),(12,'2020-05-13',8.65,1,107,'UNKNOWN',4,4,3,1,'uploads/groundhog_kill_shots/45120593-B816-484E-8575-E237946ECF1D.jpeg','','10:00:00.000000',NULL),(13,'2020-05-20',7.63,0,112,'FEMALE',3,28,3,1,'uploads/groundhog_kill_shots/F001D143-249B-460D-9F63-00DF3D8C63E5.jpeg','','14:00:00.000000',NULL),(14,'2020-05-20',8.00,0,97,'FEMALE',3,28,3,1,'uploads/groundhog_kill_shots/B8017A78-0658-43C4-B441-F9E608FF5EAE.jpeg','','13:00:00.000000',NULL),(15,'2020-05-20',10.25,0,80,'UNKNOWN',3,3,11,1,'','','13:00:00.000000','I shot it but it fell back in it\'s hole. I wasn\'t going to reach in the hole to get it. Sex, weight and wound cavity are unknown.'),(16,'2020-06-14',8.00,1,157,'FEMALE',4,4,1,1,'uploads/groundhog_kill_shots/808A3C4B-B556-4228-A88D-7FC751FF385D.jpeg','','13:00:00.000000',NULL),(17,'2020-06-11',8.00,0,184,'UNKNOWN',4,4,1,1,'','','15:00:00.000000',NULL),(18,'2020-06-14',4.50,1,250,'UNKNOWN',4,4,1,1,'uploads/groundhog_kill_shots/EE30DEAC-2071-449E-BEF1-F2989FC22BCF.jpeg','','11:00:00.000000',NULL),(19,'2020-06-14',14.00,0,217,'MALE',4,4,3,1,'uploads/groundhog_kill_shots/B7D01571-08E5-4E85-91EF-77A1488F8F2C.jpeg','','11:00:00.000000',NULL),(20,'2020-06-14',4.00,1,187,'MALE',4,4,1,1,'uploads/groundhog_kill_shots/CFCEABB5-359D-4F05-85D3-1CC3B12EEEDC.jpeg','','13:00:00.000000',NULL),(21,'2020-06-14',6.00,1,187,'MALE',4,4,1,1,'uploads/groundhog_kill_shots/443AC268-B210-4AAB-AC28-987E59036F66.jpeg','','13:00:00.000000',NULL),(22,'2020-06-22',3.75,1,263,'FEMALE',4,4,24,1,'uploads/groundhog_kill_shots/3B969BF7-F44C-4026-A727-DCDA34BBFE94.jpeg','uploads/groundhog_kill_shots/6F8BF1C7-611F-466D-BE54-94E8115F1205.jpeg','14:00:00.000000',NULL),(23,'2020-06-24',4.25,0,267,'UNKNOWN',4,4,1,1,'','','13:00:00.000000','Heat index prevented me from wanting to walk out to take a picture. Sex and wound cavity are unknown. Weight is an estimation based off previously dispatched groundhogs of the same size.'),(24,'2020-06-24',5.25,0,283,'UNKNOWN',4,4,11,1,'','','11:00:00.000000','Heat index prevented me from wanting to walk out to take a picture. Sex and wound cavity are unknown. Weight is an estimation based off previously dispatched groundhogs of the same size.'),(25,'2020-06-25',7.25,1,263,'UNKNOWN',4,4,11,1,'','','16:23:00.000000','Heat index prevented me from wanting to walk out to take a picture. Sex and wound cavity are unknown. Weight is an estimation based off previously dispatched groundhogs of the same size.'),(26,'2020-06-25',9.00,0,582,'UNKNOWN',4,4,24,1,'','','17:03:00.000000','Heat index prevented me from wanting to walk out to take a picture. Sex and wound cavity are unknown. Weight is an estimation based off previously dispatched groundhogs of the same size.'),(27,'2020-07-03',6.25,0,187,'UNKNOWN',4,4,1,1,'','','12:58:48.000000','Heat index prevented me from wanting to walk out to take a picture. Sex and wound cavity are unknown. Weight is an estimation based off previously dispatched groundhogs of the same size.'),(28,'2020-07-04',6.25,0,165,'UNKNOWN',4,4,27,1,'','','19:21:57.000000','Heat index prevented me from wanting to walk out to take a picture. Sex and wound cavity are unknown. Weight is an estimation based off previously dispatched groundhogs of the same size.'),(29,'2020-07-04',7.25,0,172,'UNKNOWN',4,4,27,1,'','','20:00:24.000000','Heat index prevented me from wanting to walk out to take a picture. Sex and wound cavity are unknown. Weight is an estimation based off previously dispatched groundhogs of the same size.');
/*!40000 ALTER TABLE `groundhog_logbook_removalsbylocation` ENABLE KEYS */;
UNLOCK TABLES;

--
-- Table structure for table `loaddata_brass`
--

DROP TABLE IF EXISTS `loaddata_brass`;
/*!40101 SET @saved_cs_client     = @@character_set_client */;
/*!40101 SET character_set_client = utf8 */;
CREATE TABLE `loaddata_brass` (
  `id` int(11) NOT NULL AUTO_INCREMENT,
  `manufacture` varchar(150) NOT NULL,
  `brass_on_hand` int(11) DEFAULT NULL,
  `buy_link` varchar(450) DEFAULT NULL,
  `author_pk` int(11) DEFAULT NULL,
  `is_approved` tinyint(1) NOT NULL,
  `caliber_id` int(11) NOT NULL,
  PRIMARY KEY (`id`),
  KEY `loaddata_brass_caliber_id_de50624b_fk_loaddata_caliber_id` (`caliber_id`),
  CONSTRAINT `loaddata_brass_caliber_id_de50624b_fk_loaddata_caliber_id` FOREIGN KEY (`caliber_id`) REFERENCES `loaddata_caliber` (`id`)
) ENGINE=InnoDB AUTO_INCREMENT=14 DEFAULT CHARSET=latin1;
/*!40101 SET character_set_client = @saved_cs_client */;

--
-- Dumping data for table `loaddata_brass`
--

LOCK TABLES `loaddata_brass` WRITE;
/*!40000 ALTER TABLE `loaddata_brass` DISABLE KEYS */;
INSERT INTO `loaddata_brass` VALUES (1,'Hornady',100,'https://ammoseek.com/reloading/brass/300-winchester-magnum/Hornady',1,1,1),(2,'Mixed',100,NULL,1,1,3),(3,'Hornady',100,'https://ammoseek.com/reloading/brass/22-250/Hornady',1,1,4),(4,'Mixed',600,'https://www.midsouthshooterssupply.com/item/00258dp8b223remmymj/top-brass-point223-remington-reconditioned-unprimed-rifle-brass-1-and-000-count',1,1,5),(5,'Mixed',100,NULL,1,1,9),(6,'Mixed 223 Self-Identifying as 300BLK',100,NULL,1,1,6),(7,'30-06 Self-Identifying as 8mm Mauser',100,NULL,1,1,2),(8,'Mixed',100,NULL,1,1,10),(9,'Mixed',100,NULL,1,1,7),(10,'Mixed',100,NULL,1,1,8),(11,'Mixed',100,NULL,1,1,14),(12,'Mixed',4000,NULL,1,1,24),(13,'SBS NATO',200,NULL,1,1,3);
/*!40000 ALTER TABLE `loaddata_brass` ENABLE KEYS */;
UNLOCK TABLES;

--
-- Table structure for table `loaddata_caliber`
--

DROP TABLE IF EXISTS `loaddata_caliber`;
/*!40101 SET @saved_cs_client     = @@character_set_client */;
/*!40101 SET character_set_client = utf8 */;
CREATE TABLE `loaddata_caliber` (
  `id` int(11) NOT NULL AUTO_INCREMENT,
  `name` varchar(150) NOT NULL,
  `diameter` decimal(5,3) NOT NULL,
  `author_pk` int(11),
  `is_approved` tinyint(1) NOT NULL,
  PRIMARY KEY (`id`)
) ENGINE=InnoDB AUTO_INCREMENT=25 DEFAULT CHARSET=latin1;
/*!40101 SET character_set_client = @saved_cs_client */;

--
-- Dumping data for table `loaddata_caliber`
--

LOCK TABLES `loaddata_caliber` WRITE;
/*!40000 ALTER TABLE `loaddata_caliber` DISABLE KEYS */;
INSERT INTO `loaddata_caliber` VALUES (1,'300 WIN MAG',0.308,1,1),(2,'8mm Mauser',0.324,1,1),(3,'308 Winchester',0.308,1,1),(4,'22-250 Winchester',0.224,1,1),(5,'223 Wylde',0.224,1,1),(6,'300 BLK',0.308,1,1),(7,'30 Carbine',0.308,1,1),(8,'357 Magnum',0.357,1,1),(9,'9MM Parabellum',0.355,1,1),(10,'45-70 Gov',0.458,1,1),(12,'357 Sig',0.357,5,1),(14,'38 special',0.357,5,1),(15,'5.7 FN',0.244,5,1),(16,'458 SOCOM',0.458,1,1),(18,'17 HMR',0.170,1,1),(19,'22 Long Rifle',0.224,1,1),(20,'22 Rifle',0.224,1,1),(21,'22 Short',0.224,1,1),(24,'5.56 NATO',0.224,1,1);
/*!40000 ALTER TABLE `loaddata_caliber` ENABLE KEYS */;
UNLOCK TABLES;

--
-- Table structure for table `loaddata_estimateddope`
--

DROP TABLE IF EXISTS `loaddata_estimateddope`;
/*!40101 SET @saved_cs_client     = @@character_set_client */;
/*!40101 SET character_set_client = utf8 */;
CREATE TABLE `loaddata_estimateddope` (
  `id` int(11) NOT NULL AUTO_INCREMENT,
  `moa_100` decimal(4,1) NOT NULL,
  `moa_125` decimal(4,1) NOT NULL,
  `moa_150` decimal(4,1) NOT NULL,
  `moa_175` decimal(4,1) NOT NULL,
  `moa_200` decimal(4,1) NOT NULL,
  `moa_225` decimal(4,1) NOT NULL,
  `moa_250` decimal(4,1) NOT NULL,
  `moa_275` decimal(4,1) NOT NULL,
  `moa_300` decimal(4,1) NOT NULL,
  `moa_325` decimal(4,1) NOT NULL,
  `moa_350` decimal(4,1) NOT NULL,
  `moa_375` decimal(4,1) NOT NULL,
  `moa_400` decimal(4,1) NOT NULL,
  `moa_425` decimal(4,1) NOT NULL,
  `moa_450` decimal(4,1) NOT NULL,
  `moa_475` decimal(4,1) NOT NULL,
  `moa_500` decimal(4,1) NOT NULL,
  `moa_525` decimal(4,1) NOT NULL,
  `moa_550` decimal(4,1) NOT NULL,
  `moa_575` decimal(4,1) NOT NULL,
  `moa_600` decimal(4,1) NOT NULL,
  `moa_625` decimal(4,1) NOT NULL,
  `moa_650` decimal(4,1) NOT NULL,
  `moa_675` decimal(4,1) NOT NULL,
  `moa_700` decimal(4,1) NOT NULL,
  `moa_725` decimal(4,1) NOT NULL,
  `moa_750` decimal(4,1) NOT NULL,
  `moa_775` decimal(4,1) NOT NULL,
  `moa_800` decimal(4,1) NOT NULL,
  `moa_825` decimal(4,1) NOT NULL,
  `moa_850` decimal(4,1) NOT NULL,
  `moa_875` decimal(4,1) NOT NULL,
  `moa_900` decimal(4,1) NOT NULL,
  `moa_925` decimal(4,1) NOT NULL,
  `moa_950` decimal(4,1) NOT NULL,
  `moa_975` decimal(4,1) NOT NULL,
  `moa_1000` decimal(4,1) NOT NULL,
  `moa_1025` decimal(4,1) NOT NULL,
  `moa_1050` decimal(4,1) NOT NULL,
  `moa_1075` decimal(4,1) NOT NULL,
  `hand_load_id` int(11) NOT NULL,
  PRIMARY KEY (`id`),
  KEY `loaddata_estimateddo_hand_load_id_c6b0e5f0_fk_loaddata_` (`hand_load_id`),
  CONSTRAINT `loaddata_estimateddo_hand_load_id_c6b0e5f0_fk_loaddata_` FOREIGN KEY (`hand_load_id`) REFERENCES `loaddata_handload` (`id`)
) ENGINE=InnoDB AUTO_INCREMENT=10 DEFAULT CHARSET=latin1;
/*!40101 SET character_set_client = @saved_cs_client */;

--
-- Dumping data for table `loaddata_estimateddope`
--

LOCK TABLES `loaddata_estimateddope` WRITE;
/*!40000 ALTER TABLE `loaddata_estimateddope` DISABLE KEYS */;
INSERT INTO `loaddata_estimateddope` VALUES (1,0.0,0.3,0.8,1.3,1.9,2.5,3.1,3.7,4.4,5.1,5.8,6.5,7.3,8.0,8.9,9.6,10.5,11.2,12.2,12.9,13.8,14.7,15.6,16.6,17.5,18.5,19.5,20.5,21.6,22.6,23.7,24.8,26.0,27.1,28.3,29.5,30.7,32.0,33.3,34.6,1),(2,0.0,0.3,0.6,1.1,1.5,2.1,2.6,3.2,3.7,4.3,5.0,5.6,6.3,6.9,7.6,8.3,9.0,9.8,10.5,11.3,12.1,12.9,13.8,14.6,15.5,16.4,17.3,18.2,19.2,20.1,21.1,22.2,23.2,24.3,25.4,26.5,27.7,28.9,30.1,31.3,2),(3,0.0,0.1,0.4,0.7,1.1,1.5,2.0,2.4,2.9,3.5,4.1,4.6,5.3,5.9,6.6,7.3,8.1,8.9,9.7,10.5,11.4,12.4,13.4,14.4,15.5,16.6,17.8,19.1,20.4,21.8,23.3,24.8,26.4,28.1,29.9,31.7,33.7,35.7,37.8,40.0,4),(6,0.0,0.2,0.5,0.9,1.4,1.9,2.4,3.0,3.7,4.4,5.1,5.9,6.8,7.7,8.6,9.6,10.7,11.9,13.1,14.5,15.9,17.4,19.0,20.8,22.6,24.6,26.6,28.8,31.1,33.6,36.1,38.8,41.6,44.4,47.5,50.6,53.9,57.2,60.7,64.3,21),(7,0.0,0.6,1.4,2.2,3.1,4.1,5.1,6.1,7.2,8.3,9.4,10.6,11.9,13.1,14.4,15.8,17.1,18.6,20.0,21.6,23.1,24.7,26.4,28.1,29.9,31.7,33.6,35.5,37.5,39.5,41.6,43.8,46.0,48.3,50.7,53.1,55.5,58.1,60.7,63.3,3),(8,0.0,0.0,0.0,0.0,0.0,0.0,0.0,0.0,0.0,0.0,0.0,0.0,0.0,0.0,0.0,0.0,11.0,0.0,0.0,0.0,0.0,0.0,0.0,0.0,0.0,0.0,0.0,0.0,0.0,0.0,0.0,0.0,0.0,0.0,0.0,0.0,0.0,0.0,0.0,0.0,32),(9,0.0,0.2,0.5,0.8,1.2,1.7,2.1,2.7,3.2,3.7,4.3,4.9,5.5,6.2,6.9,7.6,8.3,9.0,9.8,10.6,11.5,12.3,13.2,14.2,15.2,16.2,17.2,18.3,19.5,20.7,21.9,23.2,24.5,25.9,27.3,28.8,30.4,32.0,33.7,0.0,41);
/*!40000 ALTER TABLE `loaddata_estimateddope` ENABLE KEYS */;
UNLOCK TABLES;

--
-- Table structure for table `loaddata_firearm`
--

DROP TABLE IF EXISTS `loaddata_firearm`;
/*!40101 SET @saved_cs_client     = @@character_set_client */;
/*!40101 SET character_set_client = utf8 */;
CREATE TABLE `loaddata_firearm` (
  `id` int(11) NOT NULL AUTO_INCREMENT,
  `manufacture` varchar(150) NOT NULL,
  `model` varchar(150) NOT NULL,
  `extra_info` longtext,
  `caliber_id` int(11) NOT NULL,
  `barrel_length` decimal(5,2) DEFAULT NULL,
  `inches_per_twist` decimal(4,1),
  `owner_id` int(11) DEFAULT NULL,
  `clicks_from_bottom_to_zero_elevation` int(11) NOT NULL,
  `clicks_from_bottom_to_zero_windage` int(11) NOT NULL,
  PRIMARY KEY (`id`),
  KEY `loaddata_firearm_caliber_id_7c9ba7f6_fk_loaddata_caliber_id` (`caliber_id`),
  KEY `loaddata_firearm_owner_id_17e68654_fk_auth_user_id` (`owner_id`),
  CONSTRAINT `loaddata_firearm_caliber_id_7c9ba7f6_fk_loaddata_caliber_id` FOREIGN KEY (`caliber_id`) REFERENCES `loaddata_caliber` (`id`),
  CONSTRAINT `loaddata_firearm_owner_id_17e68654_fk_auth_user_id` FOREIGN KEY (`owner_id`) REFERENCES `auth_user` (`id`)
) ENGINE=InnoDB AUTO_INCREMENT=16 DEFAULT CHARSET=latin1;
/*!40101 SET character_set_client = @saved_cs_client */;

--
-- Dumping data for table `loaddata_firearm`
--

LOCK TABLES `loaddata_firearm` WRITE;
/*!40000 ALTER TABLE `loaddata_firearm` DISABLE KEYS */;
INSERT INTO `loaddata_firearm` VALUES (1,'Savage','110 BA Stealth','',1,24.00,9.0,1,-1,-1),(2,'German Axis','K98k','',2,23.62,9.0,5,-1,-1),(3,'Ruger','American Standard','100 inch points to put on the muzzle break.',3,22.00,9.0,1,-1,-1),(4,'Ruger','American Predator','<br />\r\n<i>REST INFO:</i> Elevation; Bottom out, come up to 0. Go another full rotation to 0 and should be approximately 19 MOA. It\'s actually like 19.25 but it\'ll get you close enough.\r\n<br /><br />\r\n<i>SUPPRESSOR Adjustment:</i> Zeroed for shooting a Q: Thunder Chicken attached. Removing this and putting on the Q: Whistle Tip will need to adjust 2 MOA lower.',4,22.00,9.0,1,68,-1),(5,'AR-15','AR-15','24\" bull barrel. Runs like a champ as long as you don\'t have to run.',5,24.00,9.0,1,-1,-1),(6,'AR-15','AR-15','',6,16.00,9.0,5,-1,-1),(7,'Some Kind','M1 Carbine','',7,18.00,9.0,27,-1,-1),(8,'Dan Wesson','715 Revolver','',8,5.00,9.0,27,-1,-1),(9,'Beretta','92FS','',9,5.00,9.0,1,-1,-1),(10,'AR-15','AR-15','Current scope may not be tracking well. Need to test 100, then 540, back to 200. Cycles, testing tracking. At the moment, we are at -2 MOA for 200 yards when we thought 0 was 100. Might want to check tracking the next time we go pew pew.',5,18.00,8.0,5,-1,-1),(11,'Uknown','45-70 gov','',10,18.00,9.0,26,-1,-1),(14,'Smith & Wesson','M&P 15','',24,16.00,9.0,1,-1,-1),(15,'Dan Wesson','715 Revolver','',14,5.00,9.0,27,-1,-1);
/*!40000 ALTER TABLE `loaddata_firearm` ENABLE KEYS */;
UNLOCK TABLES;

--
-- Table structure for table `loaddata_handload`
--

DROP TABLE IF EXISTS `loaddata_handload`;
/*!40101 SET @saved_cs_client     = @@character_set_client */;
/*!40101 SET character_set_client = utf8 */;
CREATE TABLE `loaddata_handload` (
  `id` int(11) NOT NULL AUTO_INCREMENT,
  `Powder_Charge` decimal(5,1) NOT NULL,
  `Velocity` int(11) DEFAULT NULL,
  `Is_Sheriff_Load` tinyint(1) NOT NULL,
  `powder_id` int(11) NOT NULL,
  `projectile_id` int(11) NOT NULL,
  `firearm_id` int(11) DEFAULT NULL,
  `brass_id` int(11) DEFAULT NULL,
  `primer_id` int(11) DEFAULT NULL,
  PRIMARY KEY (`id`),
  KEY `loaddata_handload_powder_id_8b758ae2_fk_loaddata_powder_id` (`powder_id`),
  KEY `loaddata_handload_projectile_id_eeffb925_fk_loaddata_` (`projectile_id`),
  KEY `loaddata_handload_firearm_id_893f3afa_fk_loaddata_firearm_id` (`firearm_id`),
  KEY `loaddata_handload_brass_id_b75a34da_fk_loaddata_brass_id` (`brass_id`),
  KEY `loaddata_handload_primer_id_86f83d58_fk_loaddata_primer_id` (`primer_id`),
  CONSTRAINT `loaddata_handload_primer_id_86f83d58_fk_loaddata_primer_id` FOREIGN KEY (`primer_id`) REFERENCES `loaddata_primer` (`id`),
  CONSTRAINT `loaddata_handload_brass_id_b75a34da_fk_loaddata_brass_id` FOREIGN KEY (`brass_id`) REFERENCES `loaddata_brass` (`id`),
  CONSTRAINT `loaddata_handload_firearm_id_893f3afa_fk_loaddata_firearm_id` FOREIGN KEY (`firearm_id`) REFERENCES `loaddata_firearm` (`id`),
  CONSTRAINT `loaddata_handload_powder_id_8b758ae2_fk_loaddata_powder_id` FOREIGN KEY (`powder_id`) REFERENCES `loaddata_powder` (`id`),
  CONSTRAINT `loaddata_handload_projectile_id_eeffb925_fk_loaddata_` FOREIGN KEY (`projectile_id`) REFERENCES `loaddata_projectile` (`id`)
) ENGINE=InnoDB AUTO_INCREMENT=45 DEFAULT CHARSET=latin1;
/*!40101 SET character_set_client = @saved_cs_client */;

--
-- Dumping data for table `loaddata_handload`
--

LOCK TABLES `loaddata_handload` WRITE;
/*!40000 ALTER TABLE `loaddata_handload` DISABLE KEYS */;
INSERT INTO `loaddata_handload` VALUES (1,64.1,2670,0,1,16,1,1,1),(2,46.0,2540,0,2,15,2,7,2),(3,42.0,2242,0,2,14,3,1,2),(4,35.0,3365,0,2,6,4,3,2),(9,15.8,2200,0,5,12,6,6,3),(10,22.0,2550,0,4,4,5,4,3),(11,6.4,1200,1,6,9,9,5,4),(12,4.0,700,1,7,13,8,11,4),(13,46.0,2928,1,4,11,2,7,2),(17,15.0,2100,1,9,8,7,9,3),(19,14.0,1200,1,8,13,8,10,1),(20,5.0,1000,1,10,10,8,10,4),(21,24.3,3260,0,4,3,10,4,3),(23,22.2,1200,1,4,6,10,4,3),(25,23.0,1200,1,3,7,10,4,3),(27,10.0,750,1,7,17,11,8,2),(28,71.0,3280,0,1,18,1,1,1),(30,33.0,3474,0,4,3,4,3,2),(31,42.0,2400,1,3,21,3,2,2),(32,24.2,3100,0,3,5,14,4,3),(34,74.0,3200,0,11,21,1,1,1),(35,14.0,700,1,7,22,11,8,2),(36,57.5,1950,0,3,22,11,8,2),(38,21.5,2610,1,3,7,5,4,3),(40,4.0,700,0,10,24,15,11,3),(41,46.8,3187,0,3,25,3,13,2),(42,14.0,1205,0,8,26,8,10,4),(43,21.5,2400,0,3,7,14,4,3),(44,10.8,811,0,13,16,6,6,3);
/*!40000 ALTER TABLE `loaddata_handload` ENABLE KEYS */;
UNLOCK TABLES;

--
-- Table structure for table `loaddata_powder`
--

DROP TABLE IF EXISTS `loaddata_powder`;
/*!40101 SET @saved_cs_client     = @@character_set_client */;
/*!40101 SET character_set_client = utf8 */;
CREATE TABLE `loaddata_powder` (
  `id` int(11) NOT NULL AUTO_INCREMENT,
  `name` varchar(150) DEFAULT NULL,
  `is_smokeless` tinyint(1) NOT NULL,
  `buy_link` varchar(450) DEFAULT NULL,
  `author_pk` int(11),
  `is_approved` tinyint(1) NOT NULL,
  `lbs_on_hand` decimal(3,1),
  PRIMARY KEY (`id`)
) ENGINE=InnoDB AUTO_INCREMENT=14 DEFAULT CHARSET=latin1;
/*!40101 SET character_set_client = @saved_cs_client */;

--
-- Dumping data for table `loaddata_powder`
--

LOCK TABLES `loaddata_powder` WRITE;
/*!40000 ALTER TABLE `loaddata_powder` DISABLE KEYS */;
INSERT INTO `loaddata_powder` VALUES (1,'IMR 4350',1,'https://ammoseek.com/reloading/powder/IMR?ikw=4350',1,1,1.0),(2,'IMR 4064',1,'https://ammoseek.com/reloading/powder/IMR?ikw=4064',1,1,1.0),(3,'Benchmark',1,'https://ammoseek.com/reloading/powder/Hodgdon?ikw=Benchmark',1,1,8.5),(4,'IMR 3031',1,'https://ammoseek.com/reloading/powder/IMR?ikw=3031',1,1,1.0),(5,'Lil Gun',1,'https://ammoseek.com/reloading/powder/Hodgdon?ikw=Lil%20Gun',1,1,1.0),(6,'HS-6',1,'https://ammoseek.com/reloading/powder/Hodgdon?ikw=hs6',1,1,1.0),(7,'Trail Boss',1,'https://ammoseek.com/reloading/powder?ikw=trail%20boss',1,1,1.0),(8,'Alliant 2400',1,'https://ammoseek.com/reloading/powder/Alliant?ikw=2400',1,1,1.0),(9,'H110',1,'https://ammoseek.com/reloading/powder?ikw=h110',1,1,1.0),(10,'Bullseye',1,'https://ammoseek.com/reloading/powder?ikw=bullseye',1,1,1.0),(11,'IMR 4831',1,NULL,1,1,0.3),(13,'CFE: BLK',1,'https://ammoseek.com/reloading/powder?ikw=blk',1,1,1.0);
/*!40000 ALTER TABLE `loaddata_powder` ENABLE KEYS */;
UNLOCK TABLES;

--
-- Table structure for table `loaddata_primer`
--

DROP TABLE IF EXISTS `loaddata_primer`;
/*!40101 SET @saved_cs_client     = @@character_set_client */;
/*!40101 SET character_set_client = utf8 */;
CREATE TABLE `loaddata_primer` (
  `id` int(11) NOT NULL AUTO_INCREMENT,
  `manufacture` varchar(150) NOT NULL,
  `description` varchar(150) DEFAULT NULL,
  `units_on_hand` int(11) DEFAULT NULL,
  `buy_link` varchar(450) DEFAULT NULL,
  `author_pk` int(11) DEFAULT NULL,
  `is_approved` tinyint(1) NOT NULL,
  PRIMARY KEY (`id`)
) ENGINE=InnoDB AUTO_INCREMENT=5 DEFAULT CHARSET=latin1;
/*!40101 SET character_set_client = @saved_cs_client */;

--
-- Dumping data for table `loaddata_primer`
--

LOCK TABLES `loaddata_primer` WRITE;
/*!40000 ALTER TABLE `loaddata_primer` DISABLE KEYS */;
INSERT INTO `loaddata_primer` VALUES (1,'CCI','Large Rifle Magnum (#250)',100,'https://ammoseek.com/reloading/primers/CCI?ikw=large%20250',1,1),(2,'CCI','Large Rifle (#200)',100,'https://ammoseek.com/reloading/primers/CCI?ekw=shot&ikw=Large%20rifle%20primer%20200',1,1),(3,'CCI','Small Rifle (#400)',137,'https://ammoseek.com/reloading/primers/CCI?ekw=shot&ikw=small%20rifle%20primer',1,1),(4,'Mixed','Small Pistol',100,NULL,1,1);
/*!40000 ALTER TABLE `loaddata_primer` ENABLE KEYS */;
UNLOCK TABLES;

--
-- Table structure for table `loaddata_projectile`
--

DROP TABLE IF EXISTS `loaddata_projectile`;
/*!40101 SET @saved_cs_client     = @@character_set_client */;
/*!40101 SET character_set_client = utf8 */;
CREATE TABLE `loaddata_projectile` (
  `id` int(11) NOT NULL AUTO_INCREMENT,
  `Manufacture` varchar(150) DEFAULT NULL,
  `Name` varchar(150) DEFAULT NULL,
  `WeightGR` decimal(5,1) NOT NULL,
  `Diameter` decimal(5,3) NOT NULL,
  `Ballistic_Coefficient` decimal(5,4) NOT NULL,
  `buy_link` varchar(450) DEFAULT NULL,
  `author_pk` int(11),
  `is_approved` tinyint(1) NOT NULL,
  `projectiles_on_hand` int(11),
  PRIMARY KEY (`id`)
) ENGINE=InnoDB AUTO_INCREMENT=27 DEFAULT CHARSET=latin1;
/*!40101 SET character_set_client = @saved_cs_client */;

--
-- Dumping data for table `loaddata_projectile`
--

LOCK TABLES `loaddata_projectile` WRITE;
/*!40000 ALTER TABLE `loaddata_projectile` DISABLE KEYS */;
INSERT INTO `loaddata_projectile` VALUES (1,'Barnes','Varmint Grenade',50.0,0.224,0.2400,'https://ammoseek.com/reloading/bullets/.224-diameter/Barnes-50grains?ikw=grenade',1,1,100),(2,'Hornady','SPSX',50.0,0.224,0.2400,NULL,1,1,100),(3,'Sierra','Matchking HPBT',52.0,0.224,0.2400,'https://ammoseek.com/reloading/Sierra-bullets/52grains?ikw=MATCHKING',1,1,100),(4,'Nosler','Ballistic Tip: Varmint',55.0,0.224,0.2400,'https://ammoseek.com/reloading/bullets/.224-diameter/Nosler-55grains?ikw=Ballistic%20Tip%20Varmint',1,1,100),(5,'Nosler','Ballistic Tip: Varmint',60.0,0.224,0.2700,'https://ammoseek.com/reloading/bullets/.224-diameter/Nosler-60grains?ikw=Ballistic%20Tip%20Varmint',1,1,100),(6,'Sierra','Matchking HPBT',69.0,0.224,0.2400,'https://ammoseek.com/reloading/bullets/.224-diameter/Sierra-69grains?ikw=matchking&ekw=tipped',1,1,100),(7,'Hornady','Match',75.0,0.224,0.2400,'https://ammoseek.com/reloading/bullets/.224-diameter/Hornady-75grains?ikw=match',1,1,100),(8,'Unknown','Factory Second',110.0,0.308,0.2400,NULL,1,1,100),(9,'Speer','Gold Dot',115.0,0.357,0.2400,NULL,1,1,100),(10,'Unknown','Factory Second',125.0,0.357,0.2400,NULL,1,1,100),(11,'Speer','Hot Core',150.0,0.324,0.2400,'https://ammoseek.com/reloading/bullets/.323-diameter/150grains?ikw=hot%20cor',1,1,100),(12,'Hornady','A-Max',155.0,0.308,0.2400,'https://ammoseek.com/reloading/bullets/.308-diameter/Hornady-155grains?ikw=a-max',1,1,100),(13,'Lee Mold','Powder Coated',158.0,0.358,0.2400,NULL,1,1,100),(14,'Hornady','A-Max',168.0,0.308,0.2400,'https://ammoseek.com/reloading/bullets/.308-diameter/Hornady-168grains?ikw=a-max',1,1,100),(15,'Unknown','Factory Second',200.0,0.324,0.2400,NULL,1,1,100),(16,'Hornady','ELD-X',220.0,0.308,0.2400,'https://ammoseek.com/reloading/Hornady-bullets/220grains?ikw=ELD-X',1,1,100),(17,'Sven','Lead cast powder coated',500.0,0.458,0.2400,NULL,1,1,100),(18,'Barnes','TAC-TX',110.0,0.308,0.4670,'https://www.midwayusa.com/product/1010410999?pid=614359',1,1,100),(19,'Hornady','V-Max',110.0,0.308,0.2400,NULL,1,1,100),(20,'Hornady','ELD',212.0,0.308,0.2400,NULL,1,0,100),(21,'Barnes','TTSX Boat Tail',165.0,0.308,0.3980,'https://ammoseek.com/reloading/bullets/.308-diameter/Barnes-165grains?ikw=TTSX',1,1,100),(22,'Lee Mold','Powder Coated',350.0,0.458,0.2400,NULL,1,1,100),(23,'Sierra','Bench Rest Hollow Point',53.0,0.224,0.2400,NULL,1,1,100),(24,'Lee Mold','lead cast bullet',140.0,0.357,0.2400,NULL,1,1,5000),(25,'Nosler','Varmageddon',110.0,0.308,0.2930,'https://ammoseek.com/reloading/bullets/.308-diameter/110grains?ikw=varmageddon',1,1,200),(26,'Hornady','XTP',180.0,0.357,0.2400,NULL,1,1,100);
/*!40000 ALTER TABLE `loaddata_projectile` ENABLE KEYS */;
UNLOCK TABLES;

--
-- Table structure for table `polls_choice`
--

DROP TABLE IF EXISTS `polls_choice`;
/*!40101 SET @saved_cs_client     = @@character_set_client */;
/*!40101 SET character_set_client = utf8 */;
CREATE TABLE `polls_choice` (
  `id` int(11) NOT NULL AUTO_INCREMENT,
  `choice_text` varchar(200) NOT NULL,
  `votes` int(11) NOT NULL,
  `poll_id` int(11) DEFAULT NULL,
  PRIMARY KEY (`id`),
  KEY `polls_choice_poll_id_3a553f1a_fk_polls_poll_id` (`poll_id`),
  CONSTRAINT `polls_choice_poll_id_3a553f1a_fk_polls_poll_id` FOREIGN KEY (`poll_id`) REFERENCES `polls_poll` (`id`)
) ENGINE=InnoDB AUTO_INCREMENT=23 DEFAULT CHARSET=latin1;
/*!40101 SET character_set_client = @saved_cs_client */;

--
-- Dumping data for table `polls_choice`
--

LOCK TABLES `polls_choice` WRITE;
/*!40000 ALTER TABLE `polls_choice` DISABLE KEYS */;
INSERT INTO `polls_choice` VALUES (4,'Yes',3,2),(5,'No',0,2),(6,'Yes, but I need to chronograph the ammo first.',3,2),(7,'Yes',2,3),(8,'No',2,3),(9,'Only this poll, I swear.',4,3),(10,'Create Account',1,4),(11,'Simple Blog',0,4),(12,'Theme Change: Dark',1,4),(13,'Theme Change: Light (not white)',0,4),(14,'Poll Vote Restrictions',6,4),(16,'COVID-19',0,5),(17,'Chaos that comes as a side affect (tp shortages, food shortages, rioting, looting etc etc)',5,5),(18,'Neither, homey don\'t play that.',1,5),(19,'357 Magnum Pistol (or carbine)',3,6),(20,'223 Iron Sites (no scope/dot)',4,6),(21,'30 carbine',1,6),(22,'other',0,6);
/*!40000 ALTER TABLE `polls_choice` ENABLE KEYS */;
UNLOCK TABLES;

--
-- Table structure for table `polls_poll`
--

DROP TABLE IF EXISTS `polls_poll`;
/*!40101 SET @saved_cs_client     = @@character_set_client */;
/*!40101 SET character_set_client = utf8 */;
CREATE TABLE `polls_poll` (
  `id` int(11) NOT NULL AUTO_INCREMENT,
  `question` varchar(200) NOT NULL,
  `end_date` date NOT NULL,
  `start_date` date NOT NULL,
  PRIMARY KEY (`id`)
) ENGINE=InnoDB AUTO_INCREMENT=7 DEFAULT CHARSET=latin1;
/*!40101 SET character_set_client = @saved_cs_client */;

--
-- Dumping data for table `polls_poll`
--

LOCK TABLES `polls_poll` WRITE;
/*!40000 ALTER TABLE `polls_poll` DISABLE KEYS */;
INSERT INTO `polls_poll` VALUES (2,'Would you store your load and DOPE on this site?','2020-03-08','2020-03-08'),(3,'Did you vote more than once on a poll here?','2020-03-08','2020-03-08'),(4,'Feature request','2020-03-21','2020-03-10'),(5,'Are you more fearful of COVID-19 or the chaos that comes from it?','2020-04-30','2020-03-20'),(6,'What should I shoot until crops are harvested?','2020-11-06','2020-08-06');
/*!40000 ALTER TABLE `polls_poll` ENABLE KEYS */;
UNLOCK TABLES;

--
-- Table structure for table `shooting_logbook_location`
--

DROP TABLE IF EXISTS `shooting_logbook_location`;
/*!40101 SET @saved_cs_client     = @@character_set_client */;
/*!40101 SET character_set_client = utf8 */;
CREATE TABLE `shooting_logbook_location` (
  `id` int(11) NOT NULL AUTO_INCREMENT,
  `nickname` varchar(150) DEFAULT NULL,
  `elevation` decimal(5,0) DEFAULT NULL,
  `latitude` decimal(12,7) DEFAULT NULL,
  `longitude` decimal(12,7) DEFAULT NULL,
  PRIMARY KEY (`id`)
) ENGINE=InnoDB AUTO_INCREMENT=14 DEFAULT CHARSET=latin1;
/*!40101 SET character_set_client = @saved_cs_client */;

--
-- Dumping data for table `shooting_logbook_location`
--

LOCK TABLES `shooting_logbook_location` WRITE;
/*!40000 ALTER TABLE `shooting_logbook_location` DISABLE KEYS */;
INSERT INTO `shooting_logbook_location` VALUES (2,'Farm: Big field entrance',764,39.6210480,-77.0283120),(3,'Farm: Big field near hunting hut',764,39.6210440,-77.0293210),(4,'Farm: Party field 100y',764,39.6221020,-77.0280010),(5,'Iowa Farm: Orchard',702,42.1029510,-90.7568560),(6,'Farm: Small field ghog hole',764,39.6210460,-77.0298910),(7,'Farm: South Ridge Ghog Hole',764,39.6164390,-77.0301520),(8,'Farm: Big Field Animal Highway',764,39.6172160,-77.0281350),(9,'Farm: Big Field Alcove Ghog Hole',764,39.6199380,-77.0281110),(10,'Farm: Big Field Blind Ghog Hole',764,39.6203720,-77.0281030),(11,'Farm: Small Field Fox Den',764,39.6222210,-77.0292030),(12,'Farm: Party Field GHog Hole',764,39.6224050,-77.0280840),(13,'Farm: Big Field Pear Tree',764,39.5619483,-77.0293790);
/*!40000 ALTER TABLE `shooting_logbook_location` ENABLE KEYS */;
UNLOCK TABLES;

--
-- Table structure for table `shooting_logbook_shotcollection`
--

DROP TABLE IF EXISTS `shooting_logbook_shotcollection`;
/*!40101 SET @saved_cs_client     = @@character_set_client */;
/*!40101 SET character_set_client = utf8 */;
CREATE TABLE `shooting_logbook_shotcollection` (
  `id` int(11) NOT NULL AUTO_INCREMENT,
  `collection_date` date NOT NULL,
  `notes` longtext,
  `firearm_id` int(11) DEFAULT NULL,
  `load_id` int(11) DEFAULT NULL,
  `location_id` int(11) DEFAULT NULL,
  `shooter_id` int(11) DEFAULT NULL,
  PRIMARY KEY (`id`),
  KEY `shooting_logbook_sho_firearm_id_06ce2799_fk_loaddata_` (`firearm_id`),
  KEY `shooting_logbook_sho_load_id_1e24e503_fk_loaddata_` (`load_id`),
  KEY `shooting_logbook_sho_location_id_d98e72d7_fk_shooting_` (`location_id`),
  KEY `shooting_logbook_sho_shooter_id_ea67ba12_fk_auth_user` (`shooter_id`),
  CONSTRAINT `shooting_logbook_sho_firearm_id_06ce2799_fk_loaddata_` FOREIGN KEY (`firearm_id`) REFERENCES `loaddata_firearm` (`id`),
  CONSTRAINT `shooting_logbook_sho_load_id_1e24e503_fk_loaddata_` FOREIGN KEY (`load_id`) REFERENCES `loaddata_handload` (`id`),
  CONSTRAINT `shooting_logbook_sho_location_id_d98e72d7_fk_shooting_` FOREIGN KEY (`location_id`) REFERENCES `shooting_logbook_location` (`id`),
  CONSTRAINT `shooting_logbook_sho_shooter_id_ea67ba12_fk_auth_user` FOREIGN KEY (`shooter_id`) REFERENCES `auth_user` (`id`)
) ENGINE=InnoDB AUTO_INCREMENT=5 DEFAULT CHARSET=latin1;
/*!40101 SET character_set_client = @saved_cs_client */;

--
-- Dumping data for table `shooting_logbook_shotcollection`
--

LOCK TABLES `shooting_logbook_shotcollection` WRITE;
/*!40000 ALTER TABLE `shooting_logbook_shotcollection` DISABLE KEYS */;
INSERT INTO `shooting_logbook_shotcollection` VALUES (1,'2020-02-10','Making a shot log book.. for nerds.',1,1,2,1),(2,'2020-02-09','sdfsadf',6,9,2,5),(3,'2020-03-07','',10,21,2,5);
/*!40000 ALTER TABLE `shooting_logbook_shotcollection` ENABLE KEYS */;
UNLOCK TABLES;

--
-- Table structure for table `shooting_logbook_shotentry`
--

DROP TABLE IF EXISTS `shooting_logbook_shotentry`;
/*!40101 SET @saved_cs_client     = @@character_set_client */;
/*!40101 SET character_set_client = utf8 */;
CREATE TABLE `shooting_logbook_shotentry` (
  `id` int(11) NOT NULL AUTO_INCREMENT,
  `shotNumber` int(11) DEFAULT NULL,
  `wind_speed` varchar(20) NOT NULL,
  `wind_direction` varchar(30) NOT NULL,
  `collection_id` int(11) DEFAULT NULL,
  PRIMARY KEY (`id`),
  KEY `shooting_logbook_sho_collection_id_9af92cdf_fk_shooting_` (`collection_id`),
  CONSTRAINT `shooting_logbook_sho_collection_id_9af92cdf_fk_shooting_` FOREIGN KEY (`collection_id`) REFERENCES `shooting_logbook_shotcollection` (`id`)
) ENGINE=InnoDB AUTO_INCREMENT=6 DEFAULT CHARSET=latin1;
/*!40101 SET character_set_client = @saved_cs_client */;

--
-- Dumping data for table `shooting_logbook_shotentry`
--

LOCK TABLES `shooting_logbook_shotentry` WRITE;
/*!40000 ALTER TABLE `shooting_logbook_shotentry` DISABLE KEYS */;
INSERT INTO `shooting_logbook_shotentry` VALUES (1,1,'LIGHT','HALF_VALUE_TOWARD',1),(2,2,'MODERATE','HALF_VALUE_TOWARD',1),(3,3,'MODERATE','FULL_VALUE_ACROSS',1),(4,1,'MODERATE','NO_VALUE_TOWARD',2),(5,1,'LIGHT','NO_VALUE_BEHIND',3);
/*!40000 ALTER TABLE `shooting_logbook_shotentry` ENABLE KEYS */;
UNLOCK TABLES;
/*!40103 SET TIME_ZONE=@OLD_TIME_ZONE */;

/*!40101 SET SQL_MODE=@OLD_SQL_MODE */;
/*!40014 SET FOREIGN_KEY_CHECKS=@OLD_FOREIGN_KEY_CHECKS */;
/*!40014 SET UNIQUE_CHECKS=@OLD_UNIQUE_CHECKS */;
/*!40101 SET CHARACTER_SET_CLIENT=@OLD_CHARACTER_SET_CLIENT */;
/*!40101 SET CHARACTER_SET_RESULTS=@OLD_CHARACTER_SET_RESULTS */;
/*!40101 SET COLLATION_CONNECTION=@OLD_COLLATION_CONNECTION */;
/*!40111 SET SQL_NOTES=@OLD_SQL_NOTES */;

-- Dump completed on 2020-08-18 16:53:59

