[{"model": "loaddata.powder", "pk": 1, "fields": {"name": "Benchmark", "is_smokeless": true}}, {"model": "loaddata.powder", "pk": 2, "fields": {"name": "IMR 4064", "is_smokeless": true}}, {"model": "loaddata.powder", "pk": 3, "fields": {"name": "IMR 4350", "is_smokeless": true}}, {"model": "loaddata.powder", "pk": 4, "fields": {"name": "IMR 3031", "is_smokeless": true}}, {"model": "loaddata.powder", "pk": 5, "fields": {"name": "Lil Gun", "is_smokeless": true}}, {"model": "loaddata.powder", "pk": 6, "fields": {"name": "Trail Boss", "is_smokeless": true}}, {"model": "loaddata.powder", "pk": 7, "fields": {"name": "HS-6", "is_smokeless": true}}, {"model": "loaddata.powder", "pk": 8, "fields": {"name": "H-110", "is_smokeless": true}}, {"model": "loaddata.powder", "pk": 9, "fields": {"name": "Alliant 2400", "is_smokeless": true}}, {"model": "loaddata.powder", "pk": 10, "fields": {"name": "Bullseye", "is_smokeless": true}}, {"model": "loaddata.projectile", "pk": 3, "fields": {"Manufacture": "Hornady", "Name": "ELD-X", "WeightGR": "220.0", "Diameter": "0.308", "Ballistic_Coefficient": "0.2400"}}, {"model": "loaddata.projectile", "pk": 4, "fields": {"Manufacture": "Unknown", "Name": "Factory Second", "WeightGR": "200.0", "Diameter": "0.324", "Ballistic_Coefficient": "0.2400"}}, {"model": "loaddata.projectile", "pk": 5, "fields": {"Manufacture": "Hornady", "Name": "A-Max", "WeightGR": "168.0", "Diameter": "0.308", "Ballistic_Coefficient": "0.2400"}}, {"model": "loaddata.projectile", "pk": 6, "fields": {"Manufacture": "Sierra", "Name": "Matchking HPBT", "WeightGR": "69.0", "Diameter": "0.224", "Ballistic_Coefficient": "0.2400"}}, {"model": "loaddata.projectile", "pk": 7, "fields": {"Manufacture": "Sierra", "Name": "Matchking HPBT", "WeightGR": "52.0", "Diameter": "0.224", "Ballistic_Coefficient": "0.2400"}}, {"model": "loaddata.projectile", "pk": 8, "fields": {"Manufacture": "Nosler", "Name": "Ballistic Tip: Varmint", "WeightGR": "55.0", "Diameter": "0.224", "Ballistic_Coefficient": "0.2400"}}, {"model": "loaddata.projectile", "pk": 9, "fields": {"Manufacture": "Hornady", "Name": "Match", "WeightGR": "75.0", "Diameter": "0.224", "Ballistic_Coefficient": "0.2400"}}, {"model": "loaddata.projectile", "pk": 10, "fields": {"Manufacture": "Hornady", "Name": "A-Max", "WeightGR": "155.0", "Diameter": "0.308", "Ballistic_Coefficient": "0.2400"}}, {"model": "loaddata.projectile", "pk": 11, "fields": {"Manufacture": "Lee Mold", "Name": "Cast Powder Coated", "WeightGR": "158.0", "Diameter": "0.358", "Ballistic_Coefficient": "0.2400"}}, {"model": "loaddata.projectile", "pk": 12, "fields": {"Manufacture": "Hornady", "Name": "SPSX", "WeightGR": "50.0", "Diameter": "0.224", "Ballistic_Coefficient": "0.2400"}}, {"model": "loaddata.projectile", "pk": 13, "fields": {"Manufacture": "Unknown", "Name": "Factory Second", "WeightGR": "110.0", "Diameter": "0.308", "Ballistic_Coefficient": "0.2400"}}, {"model": "loaddata.projectile", "pk": 14, "fields": {"Manufacture": "Barnes", "Name": "Varmint Grenade", "WeightGR": "50.0", "Diameter": "0.224", "Ballistic_Coefficient": "0.2400"}}, {"model": "loaddata.projectile", "pk": 15, "fields": {"Manufacture": "Speer", "Name": "Gold Dot", "WeightGR": "115.0", "Diameter": "0.356", "Ballistic_Coefficient": "0.2400"}}, {"model": "loaddata.projectile", "pk": 16, "fields": {"Manufacture": "Unknown", "Name": "Factory Second", "WeightGR": "125.0", "Diameter": "0.357", "Ballistic_Coefficient": "0.2400"}}, {"model": "loaddata.projectile", "pk": 17, "fields": {"Manufacture": "Nosler", "Name": "Ballistic Tip: Varmint", "WeightGR": "60.0", "Diameter": "0.224", "Ballistic_Coefficient": "0.2400"}}, {"model": "loaddata.handload", "pk": 3, "fields": {"powder": 3, "projectile": 3, "Powder_Charge": "64.1", "Chamber": "300 WinMag", "Velocity": 2670, "Barrel_Length": "24.0", "Is_Shamus_OCW": false, "Is_Sven_OCW": true, "Is_Sheriff_Load": false}}, {"model": "loaddata.handload", "pk": 4, "fields": {"powder": 2, "projectile": 4, "Powder_Charge": "42.0", "Chamber": "K98k Mauser", "Velocity": 2462, "Barrel_Length": "18.0", "Is_Shamus_OCW": true, "Is_Sven_OCW": false, "Is_Sheriff_Load": false}}, {"model": "loaddata.handload", "pk": 5, "fields": {"powder": 2, "projectile": 5, "Powder_Charge": "42.0", "Chamber": "308 Win", "Velocity": 2450, "Barrel_Length": "18.0", "Is_Shamus_OCW": true, "Is_Sven_OCW": false, "Is_Sheriff_Load": false}}, {"model": "loaddata.handload", "pk": 6, "fields": {"powder": 2, "projectile": 6, "Powder_Charge": "35.0", "Chamber": "22-250 Win", "Velocity": 3365, "Barrel_Length": "18.0", "Is_Shamus_OCW": false, "Is_Sven_OCW": true, "Is_Sheriff_Load": false}}, {"model": "loaddata.handload", "pk": 7, "fields": {"powder": 1, "projectile": 7, "Powder_Charge": "34.0", "Chamber": "22-250 Win", "Velocity": 3647, "Barrel_Length": "18.0", "Is_Shamus_OCW": false, "Is_Sven_OCW": true, "Is_Sheriff_Load": false}}, {"model": "loaddata.handload", "pk": 8, "fields": {"powder": 3, "projectile": 6, "Powder_Charge": "39.0", "Chamber": "22-250 Win", "Velocity": 3068, "Barrel_Length": "18.0", "Is_Shamus_OCW": false, "Is_Sven_OCW": true, "Is_Sheriff_Load": false}}, {"model": "loaddata.handload", "pk": 9, "fields": {"powder": 3, "projectile": 8, "Powder_Charge": "39.0", "Chamber": "22-250 Win", "Velocity": 3358, "Barrel_Length": "18.0", "Is_Shamus_OCW": false, "Is_Sven_OCW": true, "Is_Sheriff_Load": false}}, {"model": "loaddata.handload", "pk": 10, "fields": {"powder": 4, "projectile": 7, "Powder_Charge": "25.0", "Chamber": "22-250 Win", "Velocity": 3358, "Barrel_Length": "18.0", "Is_Shamus_OCW": false, "Is_Sven_OCW": true, "Is_Sheriff_Load": false}}, {"model": "loaddata.handload", "pk": 11, "fields": {"powder": 5, "projectile": 10, "Powder_Charge": "15.8", "Chamber": "300 Blackout", "Velocity": 1900, "Barrel_Length": "16.0", "Is_Shamus_OCW": true, "Is_Sven_OCW": false, "Is_Sheriff_Load": false}}, {"model": "loaddata.handload", "pk": 12, "fields": {"powder": 4, "projectile": 8, "Powder_Charge": "22.0", "Chamber": "223 Wylde", "Velocity": 2550, "Barrel_Length": "16.0", "Is_Shamus_OCW": true, "Is_Sven_OCW": true, "Is_Sheriff_Load": false}}, {"model": "loaddata.handload", "pk": 13, "fields": {"powder": 6, "projectile": 11, "Powder_Charge": "4.0", "Chamber": "357 Magnum", "Velocity": 700, "Barrel_Length": "5.0", "Is_Shamus_OCW": true, "Is_Sven_OCW": true, "Is_Sheriff_Load": false}}, {"model": "loaddata.handload", "pk": 14, "fields": {"powder": 7, "projectile": 17, "Powder_Charge": "40.0", "Chamber": "22-250 Win", "Velocity": 3438, "Barrel_Length": "18.0", "Is_Shamus_OCW": false, "Is_Sven_OCW": false, "Is_Sheriff_Load": true}}, {"model": "loaddata.handload", "pk": 15, "fields": {"powder": 1, "projectile": 12, "Powder_Charge": "34.0", "Chamber": "22-250 Win", "Velocity": 3750, "Barrel_Length": "18.0", "Is_Shamus_OCW": false, "Is_Sven_OCW": false, "Is_Sheriff_Load": true}}, {"model": "loaddata.handload", "pk": 16, "fields": {"powder": 8, "projectile": 13, "Powder_Charge": "15.0", "Chamber": "30 Carbine", "Velocity": 2100, "Barrel_Length": "18.0", "Is_Shamus_OCW": false, "Is_Sven_OCW": false, "Is_Sheriff_Load": true}}, {"model": "loaddata.handload", "pk": 17, "fields": {"powder": 2, "projectile": 14, "Powder_Charge": "23.0", "Chamber": "223 Wylde", "Velocity": 2910, "Barrel_Length": "16.0", "Is_Shamus_OCW": false, "Is_Sven_OCW": false, "Is_Sheriff_Load": true}}, {"model": "loaddata.handload", "pk": 18, "fields": {"powder": 9, "projectile": 11, "Powder_Charge": "14.0", "Chamber": "357 Magnum", "Velocity": 1200, "Barrel_Length": "5.0", "Is_Shamus_OCW": false, "Is_Sven_OCW": false, "Is_Sheriff_Load": true}}, {"model": "loaddata.handload", "pk": 19, "fields": {"powder": 7, "projectile": 15, "Powder_Charge": "6.4", "Chamber": "9\u00d719mm Parabellum", "Velocity": 1200, "Barrel_Length": "5.0", "Is_Shamus_OCW": false, "Is_Sven_OCW": true, "Is_Sheriff_Load": false}}, {"model": "loaddata.handload", "pk": 20, "fields": {"powder": 10, "projectile": 16, "Powder_Charge": "5.0", "Chamber": "38 Special", "Velocity": 1000, "Barrel_Length": "5.0", "Is_Shamus_OCW": false, "Is_Sven_OCW": false, "Is_Sheriff_Load": true}}, {"model": "loaddata.handload", "pk": 21, "fields": {"powder": 4, "projectile": 7, "Powder_Charge": "24.3", "Chamber": "223 Wylde", "Velocity": 1, "Barrel_Length": "24.0", "Is_Shamus_OCW": false, "Is_Sven_OCW": false, "Is_Sheriff_Load": true}}]